<?xml version="1.0" encoding="UTF-8" ?>
<!DOCTYPE mapper
        PUBLIC "-//mybatis.org//DTD Mapper 3.0//EN"
        "http://mybatis.org/dtd/mybatis-3-mapper.dtd">
<mapper namespace="com.isimpo.tech.framework.admin.auto.mapper.travel.NewsMapper">

    <!--可乐消息详情map-->
    <resultMap id="newsDetail" type="com.isimpo.tech.framework.admin.auto.entity.travel.NewsDetailVo">
        <id column="id" property="id"/>
        <result column="name" property="name"/>
        <result column="traName" property="traName"/>
        <result column="content" property="content"/>
        <result column="addTime" property="addTime"/>
        <result column="type" property="type"/>
        <result column="filePath" property="filePath"/>
        <collection property="confirmNickNames" ofType="string">
            <constructor>
                <arg column="confirmNickName"/>
            </constructor>
        </collection>
    </resultMap>

    <!--可乐消息列表查询-->
    <select id="listNews" resultType="com.isimpo.tech.framework.admin.auto.entity.travel.NewsVo">
        SELECT tn.id,
        cm.name,
        tb.name AS traName,
        tn.content,
        tn.add_time AS addTime
        FROM tra_news tn
        LEFT JOIN tra_base tb ON tn.tra_id = tb.id AND tb.del_flag = 0
        LEFT JOIN csr_member cm ON tn.housekeeper_id = cm.id AND cm.del_flag = 0
        WHERE tn.del_flag = 0
        <if test="name != null and name != ''">
            AND cm.name LIKE CONCAT('%', #{name},'%')
        </if>
        <if test="traName != null and traName != ''">
            AND tb.name LIKE CONCAT('%', #{traName},'%')
        </if>
        <if test="content != null and content != ''">
            AND tn.content LIKE CONCAT('%', #{content},'%')
        </if>
        ORDER BY tn.add_time DESC
    </select>

    <!--查询可乐消息详情-->
    <select id="getNewsDetail" resultMap="newsDetail">
        SELECT tn.id,
               cm.name,
               tb.name       AS traName,
               tn.content,
               tn.add_time   AS addTime,
               tn.type,
               tn.file_path  AS filePath,
               cwu.nick_name AS confirmNickName
        FROM tra_news tn
                 LEFT JOIN tra_base tb ON tn.tra_id = tb.id AND tb.del_flag = 0
                 LEFT JOIN csr_member cm ON tn.housekeeper_id = cm.id AND cm.del_flag = 0
                 LEFT JOIN tra_news_confirm tnc ON tn.id = tnc.news_id AND tnc.del_flag = 0
                 LEFT JOIN csr_wechar_user cwu ON tnc.mem_id = cwu.id AND cwu.del_flag = 0
        WHERE tn.del_flag = 0
          AND tn.id = #{id}
    </select>

    <!--逻辑删除可乐消息-->
    <update id="delNews">
        UPDATE tra_news
        SET del_flag    = 1,
            upd_user_id = #{updUserId},
            upd_time    = NOW()
        WHERE id = #{id}
    </update>

    <!--添加可乐消息-->
    <insert id="addNews">
        INSERT INTO tra_news(id,
                             tra_id,
                             housekeeper_id,
                             content,
                             type,
                             file_path,
                             del_flag,
                             add_time,
                             add_user_id,
                             upd_time,
                             upd_user_id)
        SELECT #{id},
               #{traId},
               tb.housekeeper_id,
               #{content},
               #{type},
               #{filePath},
               0,
               NOW(),
               #{addUserId},
               NOW(),
               #{updUserId}
        FROM tra_base tb
        WHERE tb.id = #{traId}
    </insert>

    <!--查询行程列表-->
    <select id="listTravel" resultType="com.isimpo.tech.framework.admin.auto.entity.travel.TraManageVo">
        SELECT tb.id, tb.name
        FROM tra_base tb
        WHERE tb.del_flag = 0
          AND tb.state not in('7','9')
        ORDER BY tb.start_date DESC
    </select>
</mapper>