<?xml version="1.0" encoding="UTF-8"?>
<!DOCTYPE mapper PUBLIC "-//mybatis.org//DTD Mapper 3.0//EN" "http://mybatis.org/dtd/mybatis-3-mapper.dtd">
<mapper namespace="com.isimpo.tech.framework.admin.auto.mapper.travel.TraEvaluateMapper">
  <resultMap id="BaseResultMap" type="com.isimpo.tech.framework.admin.auto.entity.travel.TraEvaluate">
    <!--
      WARNING - @mbg.generated
    -->
    <id column="id" jdbcType="CHAR" property="id" />
    <result column="tra_id" jdbcType="CHAR" property="traId" />
    <result column="mem_id" jdbcType="CHAR" property="memId" />
    <result column="traffic" jdbcType="INTEGER" property="traffic" />
    <result column="room" jdbcType="INTEGER" property="room" />
    <result column="food" jdbcType="INTEGER" property="food" />
    <result column="travel" jdbcType="INTEGER" property="travel" />
    <result column="content" jdbcType="VARCHAR" property="content" />
    <result column="del_flag" jdbcType="CHAR" property="delFlag" />
    <result column="add_time" jdbcType="TIMESTAMP" property="addTime" />
    <result column="add_user_id" jdbcType="VARCHAR" property="addUserId" />
    <result column="add_mark" jdbcType="VARCHAR" property="addMark" />
    <result column="upd_time" jdbcType="TIMESTAMP" property="updTime" />
    <result column="upd_user_id" jdbcType="VARCHAR" property="updUserId" />
    <result column="upd_mark" jdbcType="VARCHAR" property="updMark" />
  </resultMap>

  <select id="findList" resultType="com.isimpo.tech.framework.admin.auto.entity.travel.TraEvaluate">
    SELECT
        a.id,
        a.tra_id AS traId,
        a.mem_id AS memId,
        a.traffic AS traffic,
        a.room AS room,
        a.food AS food,
        a.travel AS travel,
        a.content AS content,
        a.del_flag AS delFlag,
        tb.`name` AS traName,
        cm. NAME AS memName,
        cm.phone AS phone,
        cm1.`name` AS houseName,
        a.add_time AS addTime,
        IFNULL(tse.score, 0) AS score
    FROM
        tra_evaluate a
    LEFT JOIN tra_base tb ON tb.id = a.tra_id
        AND tb.del_flag = '0'
    LEFT JOIN csr_member cm ON cm.id = a.mem_id
        AND cm.del_flag = '0'
    LEFT JOIN csr_member cm1 ON cm1.id = tb.housekeeper_id
        AND cm1.del_flag = '0'
    LEFT JOIN tra_staff_evaluate tse ON tse.staff_d = tb.housekeeper_id
        AND tse.del_flag = '0'
    WHERE
        a.del_flag = '0'
    <if test="traName != null and traName != ''">
        and tb.name like concat('%',#{traName},'%')
    </if>
    <if test="memName != null and memName != ''">
      and cm.name like concat('%',#{memName},'%')
    </if>
    <if test="phone != null and phone != ''">
      and cm.phone like concat('%',#{phone},'%')
    </if>
    <if test="content != null and content != ''">
        and a.content like concat('%',#{content},'%')
    </if>
    ORDER BY
        a.add_time DESC
  </select>

    <select id="selectById" resultType="com.isimpo.tech.framework.admin.auto.entity.travel.TraEvaluate">
        SELECT
            a.id,
            a.tra_id AS traId,
            a.mem_id AS memId,
            a.traffic AS traffic,
            a.room AS room,
            a.food AS food,
            a.travel AS travel,
            a.content AS content,
            a.del_flag AS delFlag,
            tb.`name` AS traName,
            cm. NAME AS memName,
            cm.phone AS phone,
            cm1.`name` AS houseName,
            a.add_time AS addTime,
            IFNULL(tse.score, 0) AS score,
            tse.content AS gjContent,
            cwu.nick_name AS nickName
        FROM
            tra_evaluate a
        LEFT JOIN tra_base tb ON tb.id = a.tra_id
            AND tb.del_flag = '0'
        LEFT JOIN csr_member cm ON cm.id = a.mem_id
            AND cm.del_flag = '0'
        LEFT JOIN csr_member cm1 ON cm1.id = tb.housekeeper_id
            AND cm1.del_flag = '0'
        LEFT JOIN tra_staff_evaluate tse ON tse.staff_d = tb.housekeeper_id
            AND tse.del_flag = '0'
        LEFT JOIN csr_memb_wechar cmw ON cmw.mem_id = a.mem_id
            AND cmw.del_flag = '0'
        LEFT JOIN csr_wechar_user cwu ON cwu.id = cmw.wechar_id
            AND cwu.del_flag = '0'
        WHERE
            a.del_flag = '0'
            and a.id = #{id}
    </select>

    <select id="findGuideEva" resultType="com.isimpo.tech.framework.admin.auto.entity.travel.TraStaffEvaluate">
        SELECT
            a.id,
            a.tra_id AS traId,
            a.staff_d AS staffD,
            a.mem_id AS memId,
            a.type AS type,
            a.score AS score,
            a.content AS content,
            a.del_flag AS delFlag,
            a.add_time AS addTime,
            tb.`name` AS traName,
            cm. NAME AS memName,
            cm.phone AS phone,
            cm1.`name` AS NAME
        FROM
            tra_staff_evaluate a
        LEFT JOIN tra_base tb ON tb.id = a.tra_id
        AND tb.del_flag = '0'
        LEFT JOIN csr_member cm ON cm.id = a.mem_id
        AND cm.del_flag = '0'
        LEFT JOIN csr_member cm1 ON cm1.id = a.staff_d
        AND cm1.del_flag = '0'
        WHERE
            a.del_flag = '0'
        AND tb.id = #{traId}
        AND a.type = '3'
    </select>
</mapper>