<?xml version="1.0" encoding="UTF-8"?>
<!DOCTYPE mapper PUBLIC "-//mybatis.org//DTD Mapper 3.0//EN" "http://mybatis.org/dtd/mybatis-3-mapper.dtd">
<mapper namespace="com.isimpo.tech.framework.admin.auto.mapper.travel.TraItemMapper">

  <select id="getCalendar" resultType="com.isimpo.tech.framework.admin.auto.entity.travel.TraCalendar">
    SELECT
      id,
      tra_id AS traId,
      tra_date AS traDate,
      cover AS cover
      FROM tra_calendar
      WHERE id = #{id}
  </select>

  <select id="getTraSupp" resultType="com.isimpo.tech.framework.admin.auto.entity.travel.TraSupp">
      select
        id,
        item_id AS itemId,
        type AS type,
        cover AS cover,
        name AS name,
        en_name AS enName,
        overview AS overview,
        tips AS tips,
        longitude AS longitude,
        latitude AS latitude,
        content AS content,
        sort AS sort
      from tra_supp where id = #{id}
  </select>

  <insert id="insertTraSupp">
    insert into tra_supp(
        id,
        item_id,
        type,
        cover,
        name,
        en_name,
        overview,
        tips,
        longitude,
        latitude,
        content,
        sort,
        del_flag,
        add_time,
        add_user_id,
        upd_time,
        upd_user_id
    ) values (
        #{id},
        #{itemId},
        #{type},
        #{cover},
        #{name},
        #{enName},
        #{overview},
        #{tips},
        #{longitude},
        #{latitude},
        #{content},
        #{sort},
        0,
        NOW(),
        #{addUserId},
        NOW(),
        #{updUserId}
    )
  </insert>

  <update id="updateTraSupp">
      update tra_supp set
        type = #{type},
        cover = #{cover},
        name = #{name},
        en_name = #{enName},
        overview = #{overview},
        tips = #{tips},
        longitude = #{longitude},
        latitude = #{latitude},
        content = #{content},
        sort = #{sort},
        upd_time = NOW(),
        upd_user_id = #{updUserId}
      where id = #{id}
  </update>

  <update id="delTraSupp">
      update tra_supp set
        del_flag = '1',
        upd_time = NOW(),
        upd_user_id = #{updUserId}
      where id = #{id}
  </update>
</mapper>