<?xml version="1.0" encoding="UTF-8"?>
<!DOCTYPE mapper PUBLIC "-//mybatis.org//DTD Mapper 3.0//EN" "http://mybatis.org/dtd/mybatis-3-mapper.dtd">

<mapper namespace="com.isimpo.tech.framework.admin.auto.mapper.travel.TraManageMapper">
    <!--获取行程列表-->
    <select id="getList" resultType="com.isimpo.tech.framework.admin.auto.entity.travel.TraManageVo">
        SELECT DISTINCT
            tb.id,
            tb.name,
            tb.contact,
            tb.phone,
            tb.start_date AS startDate,
            tb.end_date AS endDate,
            tb.state,
            tb.note,
            tb.urgent_phone AS urgentPhone,
            tb.qrcode AS qrCode,
            tb.overview_photo AS overviewPhoto,
            tb.upd_time AS updTime,
            cm1.name AS housekeeperName,
            GROUP_CONCAT(DISTINCT cm2.`name`) AS guiderName,
            sysu.real_name AS updUser
        FROM
            tra_base tb
        LEFT JOIN csr_member cm1 ON tb.housekeeper_id = cm1.id AND cm1.del_flag='0'
        left JOIN csr_housekeeper h ON h.mem_id=cm1.id AND h.del_flag='0'
        LEFT JOIN sys_user u ON u.id=user_id AND u.del_flag='0'
        LEFT JOIN tra_hk th ON th.tra_id = tb.id AND th.del_flag = '0'
        LEFT JOIN csr_member cm2 ON cm2.id = th.hk_id AND cm2.del_flag = '0'
        LEFT JOIN sys_user sysu ON tb.upd_user_id = sysu.id AND sysu.del_flag='0'
        LEFT JOIN tra_member tm ON tm.tra_id = tb.id
        LEFT JOIN csr_member cm3 ON cm3.id = tm.mem_id
        WHERE
            tb.del_flag = '0'
        <if test="name!=null and name!=''">
            AND tb.name LIKE CONCAT('%',#{name},'%')
        </if>
        <if test="contact!=null and contact!=''">
            AND tb.contact LIKE CONCAT('%',#{contact},'%')
        </if>
        <if test="keeperName!=null and keeperName!=''">
            AND cm1.name LIKE CONCAT('%',#{keeperName},'%')
        </if>
        <if test="userId!=null and userId!=''">
            AND u.id = #{userId}
        </if>
        <if test="state!=null and state!='' and state=='0'.toString()">
            AND tb.state = '0'
        </if>
        <if test="state!=null and state!='' and state=='1'.toString()">
            AND tb.state = '1'
        </if>
        <if test="state!=null and state!='' and state=='7'.toString()">
            AND tb.state = '7'
        </if>
        <if test="state!=null and state!='' and state=='9'.toString()">
            AND tb.state = '9'
        </if>
        <if test="memberId!=null and memberId!=''">
            AND cm3.id = #{memberId}
        </if>
        GROUP BY tb.id
        ORDER BY tb.state ASC,tb.start_date DESC,tb.add_time DESC
    </select>

    <select id="queryForState" resultType="com.isimpo.tech.framework.admin.auto.entity.travel.TraManageVo">
        SELECT
        tb.id,
        tb.start_date AS startDate,
        tb.end_date AS endDate,
        tb.state
        FROM tra_base tb
        WHERE tb.del_flag = '0' AND tb.state != '7' AND tb.state != '9'
    </select>

    <insert id="updateState">
        <foreach collection="list" item="item" index="index" open="" close="" separator=";">
            UPDATE tra_base
            SET state = #{item.state}
            WHERE id = #{item.id}
        </foreach>
    </insert>

    <!--根据id查找行程实例-->
    <select id="findTravelById" resultType="com.isimpo.tech.framework.admin.auto.entity.travel.TraManageVo">
        SELECT
            tb.id,
            tb.name,
            tb.customer_id AS customerId,
            tb.contact,
            tb.phone,
            tb.start_date AS startDate,
            tb.end_date AS endDate,
            tb.housekeeper_id AS housekeeperId,
            tb.guide_id AS guiderId,
            tb.urgent_phone AS urgentPhone,
            tb.cover,
            tb.note,
            tb.overview,
            tb.tra_remind as traRemind,
            tb.state,
            tb.public_flag AS publicFlag,
            tb.time_diff AS timeDiff,
            tb.first_remind AS firstRemind,
            tb.sum_remind AS sumRemind,
            tb.morn_remind AS mornRemind,
            tb.noon_remind AS noonRemind,
            tb.night_remind AS nightRemind,
            tb.eval_remind AS evalRemind,
            GROUP_CONCAT(th.hk_id) AS guiders
        FROM
            tra_base tb
        LEFT JOIN tra_hk th on th.tra_id = tb.id and th.del_flag='0'
        WHERE
            tb.del_flag = '0'
        AND
            tb.id = #{id}
        GROUP BY tb.id
    </select>

    <!--删除行程,逻辑删除-->
    <update id="removeTravel">
        UPDATE
            tra_base
        SET
            del_flag = '1',
            upd_time = NOW(),
            upd_user_id=#{updUserId}
        WHERE
            id = #{id}
    </update>

    <!--取消行程,设置行程的状态值为7-->
    <update id="cancelTravel">
        UPDATE
            tra_base
        SET
            state = '7',
            upd_time = NOW(),
            upd_user_id=#{updUserId}
        WHERE
            id = #{id}
    </update>

    <!---修改行程 -->
    <update id="editTravel"  >
        UPDATE
            tra_base
        SET
            name = #{name},
            customer_id = #{customerId},
            contact = #{contact},
            phone = #{phone},
            start_date = #{startDate},
            end_date = #{endDate},
            housekeeper_id = #{housekeeperId},
            cover = #{cover},
            note = #{note},
            public_flag = #{publicFlag},
            urgent_phone = #{urgentPhone},
            time_diff = #{timeDiff},
            first_remind = #{firstRemind},
            sum_remind = #{sumRemind},
            morn_remind = #{mornRemind},
            noon_remind = #{noonRemind},
            night_remind = #{nightRemind},
            eval_remind = #{evalRemind},
            upd_time = Now(),
            upd_user_id = #{updUserId}
        WHERE
            del_flag = '0'
        AND
            id = #{id}
    </update>

    <select id="getTraCalendarByTraId" resultType="com.isimpo.tech.framework.admin.auto.entity.travel.TraCalendar">
        SELECT
            a.id,
            a.tra_id AS traId,
            a.tra_date AS traDate,
            a.cover AS cover,
            "0" AS selectFlag
        FROM
            tra_calendar a
        WHERE
            a.del_flag = '0'
        AND tra_id = #{id}
        ORDER BY
            a.tra_date ASC
    </select>


    <select id="getTraCalendarByTraIdAndDate" resultType="com.isimpo.tech.framework.admin.auto.entity.travel.TraCalendar">
        SELECT
            a.id,
            a.tra_id AS traId,
            a.tra_date AS traDate,
            a.cover AS cover,
            "0" AS selectFlag
        FROM
          tra_calendar a
        WHERE
          a.del_flag = '0'
        AND tra_id = #{traId} and tra_date = #{date}
        ORDER BY
        a.tra_date ASC
    </select>

    <insert id="addTraCalendar">
        INSERT INTO tra_calendar(
          id,
          tra_id,
          tra_date,
          cover,
          del_flag,
          add_time,
          add_user_id,
          add_mark,
          upd_time,
          upd_user_id,
          upd_mark
        ) VALUES (
          #{id},
          #{traId},
          #{traDate},
          #{cover},
          '0',
          #{addTime},
          #{addUserId},
          #{addMark},
          #{updTime},
          #{updUserId},
          #{updMark}
        )
    </insert>

    <update id="updateTraCalendar">
        UPDATE tra_calendar
          SET tra_date = #{traDate},
          cover = #{cover},
          upd_time = #{updTime},
          upd_user_id = #{updUserId},
          upd_mark = #{updMark}
          where id = #{id}
    </update>


    <update id="delTraCalendar">
        UPDATE tra_calendar
        SET del_flag = '1',
        upd_time = #{updTime},
        upd_user_id = #{updUserId},
        upd_mark = #{updMark}
        where id = #{id}
    </update>

    <select id="getTraCalendar" resultType="com.isimpo.tech.framework.admin.auto.entity.travel.TraCalendar">
        SELECT
            a.id,
            a.tra_id AS traId,
            a.tra_date AS traDate,
            a.cover AS cover,
            "0" AS selectFlag
        FROM
            tra_calendar a
        WHERE
            a.del_flag = '0'
        AND id = #{id}
    </select>

    <select id="getPlaceTraItemList" resultMap="traPlaceTraItemMap">
        SELECT
            tp.id,
            tp.name AS enName,
            ti.id AS traItemId,
            ti.place_id AS placeId,
            ti.type AS type,
            ti.cover AS cover,
            ti. NAME AS NAME,
            ti.overview AS overview,
            ti.tips AS tips,
            ti.reserve AS reserve,
            ti.start_time AS startTime,
            ti.end_time AS endTime,
            d.icon AS icon,
            d.icon AS icon,
            ts.id AS traSuppId,
            ts.type AS tsType,
            ts.`name` AS tsName
        FROM
            tra_place tp
        LEFT JOIN tra_item ti ON ti.place_id = tp.id
        AND ti.del_flag = '0'
        LEFT JOIN tra_calendar tc ON tc.id = tp.calendar_id
        AND tc.del_flag = '0'
        LEFT JOIN tra_supp ts ON ts.item_id = ti.id
        AND ts.del_flag = '0'
        LEFT JOIN sys_dict d on d.`value` = ti.type and d.type='item_type' and d.del_flag = '0'
        WHERE
            tp.del_flag = '0'
        AND tp.tra_id = #{traId}
        <if test="calendarId != null and calendarId != ''">
            and tp.calendar_id = #{calendarId}
        </if>
        order by tp.sort asc,ti.start_time ASC,ti.end_time ASC,ts.sort ASC
    </select>

    <resultMap id="traPlaceTraItemMap" type="com.isimpo.tech.framework.admin.auto.entity.travel.TraPlaceTraItem">
        <id column="id" jdbcType="CHAR" property="id"/>
        <result column="enName" jdbcType="VARCHAR" property="enName"/>
        <collection property="traItemList"
                    ofType="com.isimpo.tech.framework.admin.auto.entity.travel.TraItem">
            <id column="traItemId" jdbcType="CHAR" property="id"/>
            <result column="placeId" jdbcType="VARCHAR" property="placeId"/>
            <result column="type" jdbcType="VARCHAR" property="type"/>
            <result column="cover" jdbcType="VARCHAR" property="cover"/>
            <result column="name" jdbcType="VARCHAR" property="name"/>
            <result column="overview" jdbcType="VARCHAR" property="overview"/>
            <result column="tips" jdbcType="VARCHAR" property="tips"/>
            <result column="reserve" jdbcType="VARCHAR" property="reserve"/>
            <result column="icon" jdbcType="VARCHAR" property="icon"/>
            <result column="startTime" jdbcType="TIMESTAMP" property="startTime"/>
            <result column="endTime" jdbcType="TIMESTAMP" property="endTime"/>
            <collection property="traSuppList" ofType="com.isimpo.tech.framework.admin.auto.entity.travel.TraSupp">
                <id column="traSuppId" jdbcType="CHAR" property="id"/>
                <result column="tsType" jdbcType="VARCHAR" property="type"/>
                <result column="TsName" jdbcType="VARCHAR" property="name"/>
            </collection>
        </collection>
    </resultMap>

    <select id="getTraPlaceMaxSort" resultType="java.lang.Integer">
        SELECT
            IFNULL(max(a.sort),0)
        FROM
            tra_place a
        WHERE
            a.tra_id = #{traId}
        AND calendar_id = #{calendarId}
    </select>

    <insert id="insertTraPlace">
        INSERT INTO tra_place(
          id,
          tra_id,
          calendar_id,
          cover,
          name,
          en_name,
          overview,
          tips,
          sort,
          del_flag,
          add_time,
          add_user_id,
          add_mark,
          upd_time,
          upd_user_id,
          upd_mark
        ) VALUES (
          #{id},
          #{traId},
          #{calendarId},
          #{cover},
          #{name},
          #{enName},
          #{overview},
          #{tips},
          #{sort},
          '0',
          #{addTime},
          #{addUserId},
          #{addMark},
          #{updTime},
          #{updUserId},
          #{updMark}
        )
    </insert>


    <select id="getTraPlaceById" resultType="com.isimpo.tech.framework.admin.auto.entity.travel.TraPlace">
        SELECT
            a.id,
            a.tra_id AS traId,
            a.calendar_id AS calendarId,
            a.cover AS cover,
            a.name AS name,
            a.en_name AS enName,
            a.overview AS overview,
            a.tips AS tips,
            a.sort AS sort
        FROM tra_place a
        WHERE id = #{id}
    </select>

    <update id="updatePlace">
        UPDATE tra_place
          SET
            sort = #{sort},
            upd_time = Now(),
            upd_user_id = #{updUserId},
            upd_mark = #{updMark}
        where id = #{id}
    </update>

    <update id="updateTraPlace">
        UPDATE tra_place
        SET
        cover = #{cover},
        name = #{name},
        en_name = #{enName},
        overview = #{overview},
        tips = #{tips},
        upd_time = Now(),
        upd_user_id = #{updUserId},
        upd_mark = #{updMark}
        where id = #{id}
    </update>

    <update id="delTraPlace">
        UPDATE tra_place
        SET
        del_flag = '1',
        upd_time = Now(),
        upd_user_id = #{updUserId},
        upd_mark = #{updMark}
        where id = #{id}
    </update>

    <update id="updOverView">
        UPDATE tra_base
          SET overview = #{overview},
          overview_photo = #{overviewPhoto},
          tra_remind = #{traRemind},
          upd_time = #{updTime},
          upd_user_id = #{updUserId},
          upd_mark = #{updMark}
          where id = #{id}
    </update>

    <select id="findByParm" resultType="com.isimpo.tech.framework.admin.auto.entity.business.Member">
        SELECT
        cm.id,
        cm. name,
        cm.gender,
        cm.birthday,
        cm.phone,
        cm.id_type AS idType,
        cm.talent_flag AS talentFlag,
        cm.id_num AS idNum,
        cm.source,
        cm.note,
        cm.type
        FROM csr_member cm
        WHERE cm.del_flag = '0' AND cm.type = '1'
        <if test="idNum!=null and idNum!=''">
            AND cm.id_num = #{idNum}
        </if>

        <if test="phone!=null and phone!=''">
            AND cm.phone = #{phone}
        </if>

        <if test="id!=null and id!=''">
            AND cm.id != #{id}
        </if>
    </select>

    <select id="findCalendarAll" resultType="com.isimpo.tech.framework.admin.auto.entity.travel.TraCalendar">
        SELECT
          id,
          tra_id AS traId,
          tra_date AS traDate,
          cover AS cover
        FROM tra_calendar
        WHERE del_flag='0'
    </select>

    <select id="getMemberByName" resultType="com.isimpo.tech.framework.admin.auto.entity.business.Member">
        SELECT
        cm.id,
        cm.name,
        cm.gender,
        cm.birthday,
        cm.phone,
        cm.id_type AS idType,
        cm.talent_flag AS talentFlag,
        cm.id_num AS idNum,
        cm.source,
        cm.note,
        cm.type
        FROM csr_member cm
        WHERE cm.del_flag = '0' AND cm.type = #{type} and cm.name = #{name}
    </select>

    <!--导入-->
    <insert id="insertMemberList">
        INSERT INTO csr_member(
            id,
            name,
            birthday,
            phone,
            gender,
            id_type,
            talent_flag,
            id_num,
            add_user_id,
            add_time,
            type,
            del_flag,
            note
        )
        VALUES
        <foreach collection="list" item="item" separator=",">
            (#{item.id},
            #{item.name},
            #{item.birthday},
            #{item.phone},
            #{item.gender},
            #{item.idType},
            #{item.talentFlag},
            #{item.idNum},
            #{item.addUserId},
            #{item.addTime},
            '1',
            '0',
            #{item.note}
            )
        </foreach>
    </insert>

    <insert id="insertTraMemberList">
        INSERT INTO tra_member (
            id,
            tra_id,
            mem_id,
            leader_flag,
            del_flag,
            add_time,
            add_user_id,
            add_mark,
            upd_time,
            upd_user_id,
            upd_mark
        )
        VALUES
        <foreach collection="list" item="item" separator=",">
            (
            #{item.id},
            #{item.traId},
            #{item.memId},
            #{item.leaderFlag},
            '0',
            #{item.addTime},
            #{item.addUserId},
            #{item.addMark},
            #{item.updTime},
            #{item.updUserId},
            #{item.updMark}
            )
        </foreach>
    </insert>

    <insert id="insertCalendarList">
        INSERT INTO tra_calendar (
            id,
            tra_id,
            tra_date,
            cover,
            del_flag,
            add_time,
            add_user_id,
            add_mark,
            upd_time,
            upd_user_id,
            upd_mark
        )
        VALUES
        <foreach collection="list" item="item" separator=",">
            (
            #{item.id},
            #{item.traId},
            #{item.traDate},
            #{item.cover},
            '0',
            #{item.addTime},
            #{item.addUserId},
            #{item.addMark},
            #{item.updTime},
            #{item.updUserId},
            #{item.updMark}
            )
        </foreach>
    </insert>

    <insert id="insertPlaceList">
        INSERT INTO tra_place (
            id,
            tra_id,
            calendar_id,
            cover,
            name,
            en_name,
            overview,
            tips,
            sort,
            del_flag,
            add_time,
            add_user_id,
            add_mark,
            upd_time,
            upd_user_id,
            upd_mark
        )
        VALUES
        <foreach collection="list" item="item" separator=",">
            (
            #{item.id},
            #{item.traId},
            #{item.calendarId},
            #{item.cover},
            #{item.name},
            #{item.enName},
            #{item.overview},
            #{item.tips},
            #{item.sort},
            '0',
            #{item.addTime},
            #{item.addUserId},
            #{item.addMark},
            #{item.updTime},
            #{item.updUserId},
            #{item.updMark}
            )
        </foreach>
    </insert>

    <insert id="insertTraItemList">
        INSERT INTO tra_item (
            id,
            place_id,
            type,
            cover,
            name,
            en_name,
            overview,
            tips,
            longitude,
            latitude,
            start_time,
            end_time,
            reserve,
            content,
            files,
            del_flag,
            add_time,
            add_user_id,
            add_mark,
            upd_time,
            upd_user_id,
            upd_mark
        )
        VALUES
        <foreach collection="list" item="item" separator=",">
            (
            #{item.id},
            #{item.placeId},
            #{item.type},
            #{item.cover},
            #{item.name},
            #{item.enName},
            #{item.overview},
            #{item.tips},
            #{item.longitude},
            #{item.latitude},
            #{item.startTime},
            #{item.endTime},
            #{item.reserve},
            #{item.content},
            #{item.files},
            '0',
            #{item.addTime},
            #{item.addUserId},
            #{item.addMark},
            #{item.updTime},
            #{item.updUserId},
            #{item.updMark}
            )
        </foreach>
    </insert>

    <insert id="insertTraHk">
        INSERT INTO tra_hk(
          id,
          tra_id,
          hk_id,
          del_flag,
          add_time,
          add_user_id,
          add_mark,
          upd_time,
          upd_user_id,
          upd_mark
        ) VALUES
        <foreach collection="list" item="item" separator=",">
            (
            #{item.id},
            #{item.traId},
            #{item.hkId},
            '0',
            #{item.addTime},
            #{item.addUserId},
            #{item.addMark},
            #{item.updTime},
            #{item.updUserId},
            #{item.updMark}
            )
        </foreach>
    </insert>

    <update id="deleteTraHk">
        DELETE FROM tra_hk WHERE tra_id = #{traId}
    </update>

    <!--地区信息库新增-->
    <insert id="insertLibPlace" >
      insert into lib_place(
        id,
        name,
        en_name,
        cover,
        del_flag,
        add_time,
        add_user_id,
        add_mark,
        upd_time,
        upd_user_id,
        upd_mark)
      value (
        #{id},
        #{name},
        #{enName},
        #{cover},
        '0',
        NOW(),
        #{addUserId},
        #{addMark},
        NOW(),
        #{updUserId},
        #{updMark})
    </insert>

    <!--行程事项查询-->
    <select id="getLibItem" resultType="com.isimpo.tech.framework.admin.auto.entity.content.LibItem">
      SELECT
        t.id,
        t.place_id AS placeId,
        t.type,
        t.cover,
        t.`name`,
        t.en_name AS enName,
        t.overview,
        t.tips,
        t.longitude,
        t.latitude,
        t.start_time AS startTime,
        t.end_time AS endTime,
        t.reserve,
        t.content,
        t.files
      FROM tra_item t
      WHERE t.del_flag='0' AND t.place_id=#{placeId}
    </select>

    <!--插入地区介绍-->
    <insert id="insertLibItem">
        INSERT INTO lib_item(
          id,
          place_id,
          type,
          cover,
          name,
          en_name,
          overview,
          tips,
          longitude,
          latitude,
          start_time,
          end_time,
          reserve,
          content,
          files,
          sort,
          del_flag,
          add_time,
          add_user_id,
          add_mark,
          upd_time,
          upd_user_id,
          upd_mark)
        VALUE
        <foreach collection="itemList" separator="," item="item">
            (#{item.id},
            #{item.placeId},
            #{item.type},
            #{item.cover},
            #{item.name},
            #{item.enName},
            #{item.overview},
            #{item.tips},
            #{item.longitude},
            #{item.latitude},
            #{item.startTime},
            #{item.endTime},
            #{item.reserve},
            #{item.content},
            #{item.files},
            #{item.sort},
            '0',
            NOW(),
            #{item.addUserId},
            #{item.addMark},
            NOW(),
            #{item.updUserId},
            #{item.updMark})
        </foreach>
    </insert>

    <!--查询事项补充-->
    <select id="getLibSupp" resultType="com.isimpo.tech.framework.admin.auto.entity.content.LibSupp">
        SELECT
            s.id,
            s.item_id AS itemId,
            s.type,
            s.cover,
            s.name,
            s.en_name AS enName,
            s.overview,
            s.tips,
            s.longitude,
            s.latitude,
            s.content,
            s.sort
        FROM tra_supp s
        WHERE s.del_flag='0' AND s.item_id IN
        <foreach collection="itemList" item="item" separator="," close=")" open="(">
            #{item.id}
        </foreach>
    </select>

    <!--插入介绍补充-->
    <insert id="insertLibSupp">
      INSERT INTO lib_supp(
        id,
        item_id,
        type,
        cover,
        name,
        en_name,
        overview,
        tips,
        longitude,
        latitude,
        content,
        sort,
        del_flag,
        add_time,
        add_user_id,
        add_mark,
        upd_time,
        upd_user_id,
        upd_mark)
      VALUE
      <foreach collection="suppList" separator="," item="item">
          (#{item.id},
          #{item.itemId},
          #{item.type},
          #{item.cover},
          #{item.name},
          #{item.enName},
          #{item.overview},
          #{item.tips},
          #{item.longitude},
          #{item.latitude},
          #{item.content},
          #{item.sort},
          '0',
          NOW(),
          #{item.addUserId},
          #{item.addMark},
          NOW(),
          #{item.updUserId},
          #{item.updMark})
      </foreach>
    </insert>
</mapper>