<?xml version="1.0" encoding="UTF-8"?>
<!DOCTYPE mapper PUBLIC "-//mybatis.org//DTD Mapper 3.0//EN" "http://mybatis.org/dtd/mybatis-3-mapper.dtd">

<mapper namespace="com.isimpo.tech.framework.admin.auto.mapper.travel.TraMemberMapper">
    <!--获取成员列表-->
    <select id="getList" resultType="com.isimpo.tech.framework.admin.auto.entity.travel.MemberVo">
        SELECT
            DISTINCT cm.id,
            cm.name,
            cm.gender,
            cm.birthday,
            cm.phone,
            cm.id_type AS idType,
            cm.id_num AS idNum,
            cm.source,
            cm.note,
            cm.type,
            tm.tra_id AS traId,
            tm.leader_flag AS leaderFlag,
            u.nick_name AS nickName
        FROM
            csr_member cm
        LEFT JOIN tra_member tm ON tm.mem_id = cm.id AND tm.del_flag = '0'
        LEFT JOIN csr_memb_wechar w ON w.mem_id=cm.id AND w.del_flag='0'
        LEFT JOIN csr_wechar_user u ON u.id=w.wechar_id AND u.del_flag='0'
        WHERE
            cm.del_flag = '0'
        <if test="name!=null and name!=''">
            AND cm.name LIKE concat(concat('%',#{name}),'%')
        </if>
        <if test="phone!=null and phone!=''">
            AND cm.phone LIKE concat(concat('%',#{phone}),'%')
        </if>
        <if test="idNum!=null and idNum!=''">
            AND cm.id_num LIKE concat(concat('%',#{idNum}),'%')
        </if>
        <if test="nickName!=null and nickName!=''">
            AND u.nick_name LIKE concat('%',#{nickName},'%')
        </if>
        AND
            tm.tra_id = #{id}
    </select>

    <!--根据id查找成员信息-->
    <select id="findMemberById" resultType="com.isimpo.tech.framework.admin.auto.entity.travel.MemberVo">
        SELECT
            DISTINCT cm.id,
            cm.name,
            cm.gender,
            cm.birthday,
            cm.phone,
            cm.id_type AS idType,
            cm.id_num AS idNum,
            cm.source,
            cm.note,
            cm.type,
            cm.add_time AS addTime,
            cm.add_user_id AS addUserId,
            cm.upd_time AS updTime,
            cm.upd_user_id AS updUserId,
            tm.tra_id AS traId,
            tm.leader_flag AS leaderFlag
        FROM
            csr_member cm
        LEFT JOIN tra_member tm ON tm.mem_id = cm.id AND tm.del_flag = '0'
        WHERE
            cm.del_flag = '0'
        AND
            cm.id = #{id}
            <if test="traId != null and traId != ''">
                and tm.tra_id = #{traId}
            </if>
    </select>

    <!--根据id,修改单个用户成员信息-->
    <update id="updateMember" >
        UPDATE
            csr_member
        SET
            name = #{name},
            gender = #{gender},
            birthday = #{birthday},
            phone = #{phone},
            id_type = #{idType},
            id_num = #{idNum},
            source = #{source},
            note = #{note},
            type = #{type},
            del_flag = #{delFlag},
            add_time = #{addTime},
            add_user_id = #{addUserId},
            add_mark = #{addMark},
            upd_time = Now(),
            upd_user_id = #{updUserId},
            upd_mark = #{updMark}
        WHERE
            id = #{id}
    </update>

    <!--查询某行程内团长的数量-->
    <select id="getLeaderNum" resultType="java.lang.Integer">
        SELECT
            COUNT(1)
        FROM
            tra_member
        WHERE
            del_flag = '0'
        AND
            leader_flag = '1'
        AND
            tra_id = #{traId}
    </select>

    <!--根据id,修改单个用户团长或团员身份-->
    <update id="switchLeader" >
        UPDATE
            tra_member
        SET
            leader_flag = #{leaderFlag},
            upd_time = Now(),
            upd_user_id = #{updUserId}
        WHERE
            del_flag = '0'
        AND
            mem_id = #{id}
    </update>

    <insert id="insertCsrMember">
      INSERT INTO csr_member (
            id,
            name,
            gender,
            birthday,
            phone,
            id_type,
            id_num,
            source,
            note,
            type,
            del_flag,
            add_time,
            add_user_id,
            add_mark,
            upd_time,
            upd_user_id,
            upd_mark
        )
        VALUES
        (
            #{id},
            #{name},
            #{gender},
            #{birthday},
            #{phone},
            #{idType},
            #{idNum},
            #{source},
            #{note},
            #{type},
            '0',
            #{addTime},
            #{addUserId},
            #{addMark},
            #{updTime},
            #{updUserId},
            #{updMark}
        )
    </insert>

    <insert id="insertTraMember">
        INSERT INTO tra_member (
            id,
            tra_id,
            mem_id,
            leader_flag,
            del_flag,
            add_time,
            add_user_id,
            add_mark,
            upd_time,
            upd_user_id,
            upd_mark
        )
        VALUES
        (
            #{id},
            #{traId},
            #{memId},
            #{leaderFlag},
            '0',
            #{addTime},
            #{addUserId},
            #{addMark},
            #{updTime},
            #{updUserId},
            #{updMark}
        )
    </insert>

    <update id="updateLeadType">
        UPDATE
            tra_member
        SET
            leader_flag = '0',
            upd_time = Now(),
            upd_user_id = #{updUserId}
        WHERE
            del_flag = '0'
        AND
            mem_id != #{id}
            and tra_id = #{traId}
    </update>

    <insert id="insertTraMemberList">
        INSERT INTO tra_member (
            id,
            tra_id,
            mem_id,
            leader_flag,
            del_flag,
            add_time,
            add_user_id,
            add_mark,
            upd_time,
            upd_user_id,
            upd_mark
        )
        VALUES
        <foreach collection="list" item="item" separator=",">
            (
            #{item.id},
            #{item.traId},
            #{item.memId},
            #{item.leaderFlag},
            '0',
            #{item.addTime},
            #{item.addUserId},
            #{item.addMark},
            #{item.updTime},
            #{item.updUserId},
            #{item.updMark}
            )
        </foreach>
    </insert>

    <update id="deleteCsrMember">
        UPDATE tra_member
          SET
              del_flag = #{delFlag},
              upd_time = Now(),
              upd_user_id = #{updUserId},
              upd_mark = #{updMark}
          where mem_id= #{memId} and tra_id = #{traId}
    </update>

</mapper>
