<?xml version="1.0" encoding="UTF-8" ?>
<!DOCTYPE mapper
        PUBLIC "-//mybatis.org//DTD Mapper 3.0//EN"
        "http://mybatis.org/dtd/mybatis-3-mapper.dtd">
<mapper namespace="com.isimpo.tech.framework.admin.auto.mapper.travel.TravelRecordMapper">
    <resultMap id="travelRecordDetailMap"
               type="com.isimpo.tech.framework.admin.auto.entity.travel.TravelRecordDetailVo">
        <id column="id" property="id"/>
        <result column="nickName" property="nickName"/>
        <result column="photo" property="photo"/>
        <result column="content" property="content"/>
        <result column="startTime" property="startTime"/>
        <result column="endTime" property="endTime"/>
        <result column="type" property="type"/>
        <result column="browseRange" property="browseRange"/>
        <result column="filePath" property="filePath"/>
        <result column="location" property="location"/>
        <result column="longitude" property="longitude"/>
        <result column="latitude" property="latitude"/>
        <result column="traName" property="traName"/>
        <result column="dateFlag" property="dateFlag"/>
        <result column="addTime" property="addTime"/>
        <result column="itemName" property="itemName"/>
        <collection property="comments" ofType="com.isimpo.tech.framework.admin.auto.entity.systemmanage.CommentVo">
            <id column="commentId" property="id"/>
            <result column="commentNickName" property="nickName"/>
            <result column="commentPhoto" property="photo"/>
            <result column="replyNickName" property="replyNickName"/>
            <result column="commentContent" property="content"/>
            <result column="commentAddTime" property="addTime"/>
        </collection>
    </resultMap>
    <!--逻辑删除行程记录-->
    <select id="listTravelRecord" resultType="com.isimpo.tech.framework.admin.auto.entity.travel.TravelRecordVo">
        SELECT
        tt.id,
        cm.name,
        tb.name AS traName,
        tt.type,
        tt.browse_range AS browseRange,
        tt.content, tt.add_time AS addTime
        FROM tra_travels tt
        LEFT JOIN csr_member cm ON tt.mem_id = cm.id AND cm.del_flag = 0
        LEFT JOIN tra_base tb ON tt.range_id = tb.id AND tb.del_flag = 0
        WHERE tt.del_flag = 0
        <if test="name != null and name != ''">
            AND cm.name LIKE CONCAT('%', #{name},'%')
        </if>
        <if test="traName != null and traName != ''">
            AND tb.name LIKE CONCAT('%', #{traName},'%')
        </if>
        <if test="content != null and content != ''">
            AND tt.content LIKE CONCAT('%', #{content},'%')
        </if>
        <if test="browseRange != null and browseRange != ''">
            AND tt.browse_range = #{browseRange}
        </if>
        ORDER BY tt.add_time DESC
    </select>

    <!--逻辑删除行程记录-->
    <update id="delTravelRecord">
        UPDATE tra_travels
        SET del_flag    = 1,
            upd_user_id = #{updUserId},
            upd_time    = NOW()
        WHERE id = #{id}
    </update>

    <!--查询行程游记详情-->
    <select id="getTravelRecordDetail" resultMap="travelRecordDetailMap">
        SELECT tt.id,
               tt.browse_range AS browseRange,
               tt.content,
               tt.type,
               tt.file_path    AS filePath,
               tt.location,
               tt.longitude,
               tt.latitude,
               (CASE
                    WHEN DATEDIFF(NOW(), tt.add_time) = 0 THEN
                        CONCAT(
                                '今天 ',
                                DATE_FORMAT(tt.add_time, '%k:%s')
                            )
                    WHEN DATEDIFF(NOW(), tt.add_time) = 1 THEN
                        CONCAT(
                                '昨天 ',
                                DATE_FORMAT(tt.add_time, '%k:%s')
                            )
                    ELSE
                        DATE_FORMAT(
                                tt.add_time,
                                '%Y-%m-%d %k:%s'
                            )
                   END) AS dateFlag,
               tt.add_time     AS addTime,
               cwua.nick_name  AS nickName,
               cwua.photo,
               tb.name         AS traName,
               ti.name         AS itemName,
               ti.start_time   AS startTime,
               ti.end_time     AS endTime,
               tc.id           AS commentId,
               tc.content      AS commentContent,
               cwub.nick_name  AS commentNickName,
               cwub.photo      AS commentPhoto,
               cwuc.nick_name  AS replyNickName,
               tc.add_time     AS commentAddTime
        FROM tra_travels tt
                 LEFT JOIN csr_memb_wechar cmwa ON tt.mem_id = cmwa.mem_id AND cmwa.del_flag = 0
                 LEFT JOIN csr_wechar_user cwua ON cwua.id = cmwa.wechar_id AND cwua.del_flag = 0
                 LEFT JOIN tra_base tb ON tt.range_id = tb.id AND tb.del_flag = 0
                 LEFT JOIN tra_item ti ON ti.id = tt.item_id AND ti.del_flag = 0
                 LEFT JOIN tra_comment tc ON tc.main_id = tt.id AND tc.del_flag = 0 AND tc.type = '1'
                 LEFT JOIN csr_memb_wechar cmwb ON tc.mem_id = cmwb.mem_id AND cmwb.del_flag = 0
                 LEFT JOIN csr_wechar_user cwub ON cwub.id = cmwb.wechar_id AND cwub.del_flag = 0
                 LEFT JOIN csr_memb_wechar cmwc ON tc.comment_id = cmwc.mem_id AND cmwb.del_flag = 0
                 LEFT JOIN csr_wechar_user cwuc ON cmwc.wechar_id = cwuc.id AND cwuc.del_flag = 0
        WHERE tt.id = #{id}
          AND tt.del_flag = 0
    </select>
</mapper>
