<?xml version="1.0" encoding="UTF-8"?>
<!DOCTYPE mapper PUBLIC "-//mybatis.org//DTD Mapper 3.0//EN" "http://mybatis.org/dtd/mybatis-3-mapper.dtd">
<mapper namespace="com.isimpo.tech.framework.admin.auto.mapper.travel.TraWishMapper">
  <resultMap id="BaseResultMap" type="com.isimpo.tech.framework.admin.auto.entity.travel.TraWish">
    <!--
      WARNING - @mbg.generated
    -->
    <id column="id" jdbcType="CHAR" property="id" />
    <result column="tra_id" jdbcType="CHAR" property="traId" />
    <result column="mem_id" jdbcType="CHAR" property="memId" />
    <result column="content" jdbcType="VARCHAR" property="content" />
    <result column="del_flag" jdbcType="CHAR" property="delFlag" />
    <result column="add_time" jdbcType="TIMESTAMP" property="addTime" />
    <result column="add_user_id" jdbcType="VARCHAR" property="addUserId" />
    <result column="add_mark" jdbcType="VARCHAR" property="addMark" />
    <result column="upd_time" jdbcType="TIMESTAMP" property="updTime" />
    <result column="upd_user_id" jdbcType="VARCHAR" property="updUserId" />
    <result column="upd_mark" jdbcType="VARCHAR" property="updMark" />
  </resultMap>

  <select id="findList" resultType="com.isimpo.tech.framework.admin.auto.entity.travel.TraWish">
    SELECT
        a.id,
        m.`name` AS publisher,
        b.`name` AS trip,
        a.content AS content,
        a.add_time AS addTime
    FROM
        tra_wish a
    LEFT JOIN csr_member m ON m.id = a.mem_id
    AND m.del_flag = '0'
    LEFT JOIN tra_base b ON b.id = a.tra_id
    AND b.del_flag = '0'
    WHERE
        a.del_flag = '0'
    <if test="publisher != null and publisher != '' ">
      AND m.name LIKE CONCAT('%', #{publisher}, '%')
    </if>
    <if test="trip != null and trip != '' ">
      AND b.name LIKE CONCAT('%', #{trip}, '%')
    </if>
    <if test="content != null and content != '' ">
      AND a.content LIKE CONCAT('%', #{content}, '%')
    </if>
      order by a.add_time desc
  </select>

  <select id="findById" resultType="com.isimpo.tech.framework.admin.auto.entity.travel.TraWish">
    SELECT
        a.id,
        m.`name` AS publisher,
        b.`name` AS trip,
        a.content AS content,
        a.add_time AS addTime
    FROM
        tra_wish a
    LEFT JOIN csr_member m ON m.id = a.mem_id
    AND m.del_flag = '0'
    LEFT JOIN tra_base b ON b.id = a.tra_id
    AND b.del_flag = '0'
    WHERE
        a.del_flag = '0'
        and a.id =#{id}
  </select>
</mapper>