<?xml version="1.0" encoding="UTF-8"?>
<!DOCTYPE mapper PUBLIC "-//mybatis.org//DTD Mapper 3.0//EN" "http://mybatis.org/dtd/mybatis-3-mapper.dtd">
<mapper namespace="com.isimpo.tech.framework.admin.auto.mapper.content.cocoCard.CocoCardMapper">
    <resultMap id="BaseResultMap" type="com.isimpo.tech.framework.admin.auto.entity.content.cocoCard.CocoCard">
        <!--
          WARNING - @mbg.generated
        -->
        <id column="id" jdbcType="CHAR" property="id"/>
        <result column="urgent_phone" jdbcType="VARCHAR" property="urgentPhone"/>
        <result column="company_position" jdbcType="VARCHAR" property="companyPosition"/>
        <result column="notice_email" jdbcType="VARCHAR" property="noticeEmail"/>
        <result column="qrcode_path" jdbcType="VARCHAR" property="qrcodePath"/>
        <result column="del_flag" jdbcType="CHAR" property="delFlag"/>
        <result column="add_time" jdbcType="TIMESTAMP" property="addTime"/>
        <result column="add_user_id" jdbcType="VARCHAR" property="addUserId"/>
        <result column="add_mark" jdbcType="VARCHAR" property="addMark"/>
        <result column="upd_time" jdbcType="TIMESTAMP" property="updTime"/>
        <result column="upd_user_id" jdbcType="VARCHAR" property="updUserId"/>
        <result column="upd_mark" jdbcType="VARCHAR" property="updMark"/>
        <result column="introduction" jdbcType="LONGVARCHAR" property="introduction"/>
    </resultMap>

    <select id="getCocoCard" resultType="com.isimpo.tech.framework.admin.auto.entity.content.cocoCard.CocoCard">
        SELECT
            a.id,
            a.website AS website,
            a.telephone AS telephone,
            a.address AS address,
            a.qrcode_name AS qrcodeName,
            a.urgent_phone AS urgentPhone,
            a.introduction AS introduction,
            a.company_position AS companyPosition,
            a.notice_email AS noticeEmail,
            a.qrcode_path AS qrcodePath
        FROM
            sys_base a
        WHERE
            a.del_flag = '0'
    </select>

    <update id="updateCocoCard">
        UPDATE sys_base
          SET company_position = #{companyPosition},
              introduction = #{introduction},
              website = #{website},
              telephone = #{telephone},
              address = #{address},
              qrcode_name = #{qrcodeName}
        WHERE
            id = #{id}
    </update>

    <insert id="insertCocoCard">
        INSERT
        INTO
        sys_base(
            id,
            introduction,
            company_position,
            website,
            telephone,
            address,
            qrcode_name,
            del_flag,
            add_time,
            add_user_id,
            add_mark,
            upd_time,
            upd_user_id,
            upd_mark
        ) VALUES (
            #{id},
            #{introduction},
            #{companyPosition},
            #{website},
            #{telephone},
            #{address},
            #{qrcodeName},
            #{delFlag},
            #{addTime},
            #{addUserId},
            #{addMark},
            #{updTime},
            #{updUserId},
            #{updMark}
        )
    </insert>
</mapper>
