<?xml version="1.0" encoding="UTF-8"?>
<!DOCTYPE mapper PUBLIC "-//mybatis.org//DTD Mapper 3.0//EN" "http://mybatis.org/dtd/mybatis-3-mapper.dtd">
<mapper namespace="com.isimpo.tech.framework.admin.auto.mapper.content.LibItemMapper">
  <resultMap id="BaseResultMap" type="com.isimpo.tech.framework.admin.auto.entity.content.LibItem">
    <!--
      WARNING - @mbg.generated
    -->
    <id column="id" jdbcType="CHAR" property="id" />
    <result column="place_id" jdbcType="CHAR" property="placeId" />
    <result column="type" jdbcType="CHAR" property="type" />
    <result column="cover" jdbcType="VARCHAR" property="cover" />
    <result column="name" jdbcType="VARCHAR" property="name" />
    <result column="en_name" jdbcType="VARCHAR" property="enName" />
    <result column="overview" jdbcType="VARCHAR" property="overview" />
    <result column="tips" jdbcType="VARCHAR" property="tips" />
    <result column="longitude" jdbcType="VARCHAR" property="longitude" />
    <result column="latitude" jdbcType="VARCHAR" property="latitude" />
    <result column="start_time" jdbcType="TIMESTAMP" property="startTime" />
    <result column="end_time" jdbcType="TIMESTAMP" property="endTime" />
    <result column="reserve" jdbcType="CHAR" property="reserve" />
    <result column="sort" jdbcType="INTEGER" property="sort" />
    <result column="del_flag" jdbcType="CHAR" property="delFlag" />
    <result column="add_time" jdbcType="TIMESTAMP" property="addTime" />
    <result column="add_user_id" jdbcType="VARCHAR" property="addUserId" />
    <result column="add_mark" jdbcType="VARCHAR" property="addMark" />
    <result column="upd_time" jdbcType="TIMESTAMP" property="updTime" />
    <result column="upd_user_id" jdbcType="VARCHAR" property="updUserId" />
    <result column="upd_mark" jdbcType="VARCHAR" property="updMark" />
    <result column="content" jdbcType="LONGVARCHAR" property="content" />
    <result column="files" jdbcType="LONGVARCHAR" property="files" />
  </resultMap>

  <select id="getLibSupp" resultType="com.isimpo.tech.framework.admin.auto.entity.content.LibSupp">
      select
        id,
        item_id AS itemId,
        type AS type,
        cover AS cover,
        name AS name,
        en_name AS enName,
        overview AS overview,
        tips AS tips,
        longitude AS longitude,
        latitude AS latitude,
        content AS content,
        sort AS sort
      from lib_supp where id = #{id}
  </select>

  <insert id="insertLibSupp">
    insert into lib_supp(
        id,
        item_id,
        type,
        cover,
        name,
        en_name,
        overview,
        tips,
        longitude,
        latitude,
        content,
        sort,
        del_flag,
        add_time,
        add_user_id,
        upd_time,
        upd_user_id
    ) values (
        #{id},
        #{itemId},
        #{type},
        #{cover},
        #{name},
        #{enName},
        #{overview},
        #{tips},
        #{longitude},
        #{latitude},
        #{content},
        #{sort},
        0,
        NOW(),
        #{addUserId},
        NOW(),
        #{updUserId}
    )
  </insert>

  <update id="updateLibSupp">
      update lib_supp set
        type = #{type},
        cover = #{cover},
        name = #{name},
        en_name = #{enName},
        overview = #{overview},
        tips = #{tips},
        longitude = #{longitude},
        latitude = #{latitude},
        content = #{content},
        sort = #{sort},
        upd_time = NOW(),
        upd_user_id = #{updUserId}
      where id = #{id}
  </update>

  <update id="delLibSupp">
      update lib_supp set
        del_flag = '1',
        upd_time = NOW(),
        upd_user_id = #{updUserId}
      where id = #{id}
  </update>
</mapper>