<?xml version="1.0" encoding="UTF-8"?>
<!DOCTYPE mapper PUBLIC "-//mybatis.org//DTD Mapper 3.0//EN" "http://mybatis.org/dtd/mybatis-3-mapper.dtd">
<mapper namespace="com.isimpo.tech.framework.admin.auto.mapper.content.LibPlaceMapper">
  <resultMap id="BaseResultMap" type="com.isimpo.tech.framework.admin.auto.entity.content.LibPlace">
    <!--
      WARNING - @mbg.generated
    -->
    <id column="id" jdbcType="CHAR" property="id" />
    <result column="name" jdbcType="VARCHAR" property="name" />
    <result column="en_name" jdbcType="VARCHAR" property="enName" />
    <result column="cover" jdbcType="VARCHAR" property="cover" />
    <result column="country" jdbcType="CHAR" property="country" />
    <result column="province" jdbcType="CHAR" property="province" />
    <result column="city" jdbcType="CHAR" property="city" />
    <result column="del_flag" jdbcType="CHAR" property="delFlag" />
    <result column="add_time" jdbcType="TIMESTAMP" property="addTime" />
    <result column="add_user_id" jdbcType="VARCHAR" property="addUserId" />
    <result column="add_mark" jdbcType="VARCHAR" property="addMark" />
    <result column="upd_time" jdbcType="TIMESTAMP" property="updTime" />
    <result column="upd_user_id" jdbcType="VARCHAR" property="updUserId" />
    <result column="upd_mark" jdbcType="VARCHAR" property="updMark" />
  </resultMap>

  <select id="findList" resultType="com.isimpo.tech.framework.admin.auto.entity.content.LibPlace">
    SELECT
        a.id,
        a.name AS name,
        a.en_name AS enName,
        a.cover AS cover,
        a.country AS country,
        a.province AS province,
        a.city AS city,
        a.del_flag AS del_flag,
        s1. NAME AS countryName,
        s2. NAME AS provinceName,
        s3. NAME AS cityName,
      CONCAT(
      IFNULL(s1. NAME, ''),
      IFNULL(s2. NAME, ''),
      IFNULL(s3. NAME, '')
      ) as area
    FROM
        lib_place a
    LEFT JOIN sys_area s1 ON s1.id = a.country
    AND s1.del_flag = '0'
    LEFT JOIN sys_area s2 ON s2.id = a.province
    AND s2.del_flag = '0'
    LEFT JOIN sys_area s3 ON s3.id = a.city
    AND s3.del_flag = '0'
    WHERE a.del_flag = '0'
    <if test="name != null and name != ''">
        AND a.name LIKE CONCAT('%', #{name},'%')
    </if>
    <if test="area != null and area != ''">
        AND CONCAT(
        IFNULL(s1. NAME, ''),
        IFNULL(s2. NAME, ''),
        IFNULL(s3. NAME, '')
        ) LIKE CONCAT('%', #{area},'%')
    </if>
    ORDER BY
        a.add_time ASC
  </select>

    <select id="getListByName" resultType="com.isimpo.tech.framework.admin.auto.entity.content.LibPlace">
        SELECT
            a.id,
            a.name AS name,
            a.en_name AS enName,
            a.cover AS cover,
            a.country AS country,
            a.province AS province,
            a.city AS city,
            a.del_flag AS del_flag
        FROM
            lib_place a
        WHERE a.del_flag = '0' and a.name = #{name}
    </select>

    <select id="findAreaList" resultType="com.isimpo.tech.framework.admin.auto.entity.content.LibArea">
        SELECT
            a.id,
            a.parent_id AS parentId,
            a.id AS value,
            a.type AS type,
            a.name AS label
        FROM
            sys_area a
        WHERE
            a.del_flag = '0'
            and a.type != '4'
        ORDER BY
            a.type,
            a.sort
    </select>

    <select id="findLibPlaceItemSuppList" resultMap="libPlaceItemSuppMap" >
        SELECT
            a.id,
            a. NAME AS enName,
            li.id AS libItemId,
            li.place_id AS placeId,
            li.type AS type,
            li.cover AS cover,
            li. NAME AS NAME,
            li.overview AS overview,
            li.tips AS tips,
            li.reserve AS reserve,
            li.start_time AS startTime,
            li.end_time AS endTime,
            d.icon AS icon,
            ls.id AS libSuppId,
            ls.type AS tsType,
            ls. NAME AS tsName
        FROM
            lib_place a
        LEFT JOIN lib_item li ON li.place_id = a.id
        AND li.del_flag = '0'
        LEFT JOIN lib_supp ls ON ls.item_id = li.id
        AND ls.del_flag = '0'
        LEFT JOIN sys_dict d ON d.`value` = li.type
        AND d.type = 'item_type'
        AND d.del_flag = '0'
        WHERE
            a.del_flag = '0'
        AND a.id = #{id}
        order by li.sort asc
    </select>



    <resultMap id="libPlaceItemSuppMap" type="com.isimpo.tech.framework.admin.auto.entity.content.LibPlaceItemSupp">
        <id column="id" jdbcType="CHAR" property="id"/>
        <result column="enName" jdbcType="VARCHAR" property="enName"/>
        <collection property="libItemList"
                    ofType="com.isimpo.tech.framework.admin.auto.entity.content.LibItem">
            <id column="libItemId" jdbcType="CHAR" property="id"/>
            <result column="placeId" jdbcType="VARCHAR" property="placeId"/>
            <result column="type" jdbcType="VARCHAR" property="type"/>
            <result column="cover" jdbcType="VARCHAR" property="cover"/>
            <result column="name" jdbcType="VARCHAR" property="name"/>
            <result column="overview" jdbcType="VARCHAR" property="overview"/>
            <result column="tips" jdbcType="VARCHAR" property="tips"/>
            <result column="reserve" jdbcType="VARCHAR" property="reserve"/>
            <result column="icon" jdbcType="VARCHAR" property="icon"/>
            <result column="startTime" jdbcType="TIMESTAMP" property="startTime"/>
            <result column="endTime" jdbcType="TIMESTAMP" property="endTime"/>
            <collection property="libSuppList" ofType="com.isimpo.tech.framework.admin.auto.entity.content.LibSupp">
                <id column="libSuppId" jdbcType="CHAR" property="id"/>
                <result column="tsType" jdbcType="VARCHAR" property="type"/>
                <result column="TsName" jdbcType="VARCHAR" property="name"/>
            </collection>
        </collection>
    </resultMap>


    <select id="findItemListByPlaceId" resultType="com.isimpo.tech.framework.admin.auto.entity.content.LibItem">
        SELECT
            a.id,
            a.place_id AS placeId,
            a.type AS type,
            a.cover AS cover,
            a. NAME AS NAME,
            a.en_name AS enName,
            a.overview AS overview,
            a.tips AS tips,
            a.longitude AS longitude,
            a.latitude AS latitude,
            a.start_time AS startTime,
            a.end_time AS endTime,
            a.reserve AS reserve,
            a.content AS content,
            a.files AS files,
            a.sort AS sort
        FROM
            lib_item a
        WHERE
            a.place_id = #{placeId}
    </select>

    <select id="findSuppListByItemId" resultType="com.isimpo.tech.framework.admin.auto.entity.content.LibSupp">
        SELECT
            a.id,
            a.item_id AS itemId,
            a.type AS type,
            a.cover AS cover,
            a.name AS name,
            a.en_name AS enName,
            a.overview AS overview,
            a.tips AS tips,
            a.longitude AS longitude,
            a.latitude AS latitude,
            a.content AS content,
            a.sort AS sort
        FROM
            lib_supp a
        where item_id = #{itemId}
    </select>

    <insert id="insertTraSupp">
        INSERT INTO tra_supp (
            id,
            item_id,
            type,
            cover,
            name,
            en_name,
            overview,
            tips,
            longitude,
            latitude,
            content,
            sort,
            del_flag,
            add_time,
            add_user_id,
            add_mark,
            upd_time,
            upd_user_id,
            upd_mark
        )
        VALUES
        <foreach collection="list" item="item" separator=",">
            (
            #{item.id},
            #{item.itemId},
            #{item.type},
            #{item.cover},
            #{item.name},
            #{item.enName},
            #{item.overview},
            #{item.tips},
            #{item.longitude},
            #{item.latitude},
            #{item.content},
            #{item.sort},
            '0',
            #{item.addTime},
            #{item.addUserId},
            #{item.addMark},
            #{item.updTime},
            #{item.updUserId},
            #{item.updMark}
            )
        </foreach>
    </insert>


</mapper>