<?xml version="1.0" encoding="UTF-8"?>
<!DOCTYPE mapper PUBLIC "-//mybatis.org//DTD Mapper 3.0//EN" "http://mybatis.org/dtd/mybatis-3-mapper.dtd">
<mapper namespace="com.isimpo.tech.framework.admin.auto.mapper.content.LibSuppMapper">
  <resultMap id="BaseResultMap" type="com.isimpo.tech.framework.admin.auto.entity.content.LibSupp">
    <!--
      WARNING - @mbg.generated
    -->
    <id column="id" jdbcType="CHAR" property="id" />
    <result column="item_id" jdbcType="CHAR" property="itemId" />
    <result column="type" jdbcType="CHAR" property="type" />
    <result column="cover" jdbcType="VARCHAR" property="cover" />
    <result column="name" jdbcType="VARCHAR" property="name" />
    <result column="en_name" jdbcType="VARCHAR" property="enName" />
    <result column="overview" jdbcType="VARCHAR" property="overview" />
    <result column="tips" jdbcType="VARCHAR" property="tips" />
    <result column="longitude" jdbcType="VARCHAR" property="longitude" />
    <result column="latitude" jdbcType="VARCHAR" property="latitude" />
    <result column="sort" jdbcType="INTEGER" property="sort" />
    <result column="del_flag" jdbcType="CHAR" property="delFlag" />
    <result column="add_time" jdbcType="TIMESTAMP" property="addTime" />
    <result column="add_user_id" jdbcType="VARCHAR" property="addUserId" />
    <result column="add_mark" jdbcType="VARCHAR" property="addMark" />
    <result column="upd_time" jdbcType="TIMESTAMP" property="updTime" />
    <result column="upd_user_id" jdbcType="VARCHAR" property="updUserId" />
    <result column="upd_mark" jdbcType="VARCHAR" property="updMark" />
    <result column="content" jdbcType="LONGVARCHAR" property="content" />
  </resultMap>
</mapper>