<?xml version="1.0" encoding="UTF-8"?>
<!DOCTYPE mapper PUBLIC "-//mybatis.org//DTD Mapper 3.0//EN" "http://mybatis.org/dtd/mybatis-3-mapper.dtd">
<mapper namespace="com.isimpo.tech.framework.admin.auto.mapper.content.tratravelertalk.TratRavelerTalkMapper">
    <select id="findList"
                        resultType="com.isimpo.tech.framework.admin.auto.entity.content.tratravelertalk.TratRavelerTalk">
    SELECT
    t.id,
    t.title,
    t.digest,
    t.video_path as videoPath,
    t.note,
    t.upd_time as updTime,
    t.state
    <if test="type == '2'.toString()">
        ,cwu.nick_name as name,
        t.add_time as addTime
    </if>
    FROM
    tra_traveler_talk t
    <if test="type == '2'.toString()">
        LEFT JOIN csr_member cm on cm.id = t.mem_id
        LEFT JOIN csr_memb_wechar cmw ON cmw.mem_id = cm.id
        LEFT JOIN csr_wechar_user cwu ON cwu.id = cmw.wechar_id
    </if>
    WHERE
    t.del_flag = '0'
    <if test="type != null and type!=''">
        AND t.type = #{type}
    </if>
    <if test="title != null and title!=''">
        AND t.title LIKE concat(concat('%',#{title}),'%')
    </if>
    <if test="digest != null and digest!=''">
        AND t.digest LIKE concat(concat('%',#{digest}),'%')
    </if>
    <if test="state != null and state!=''">
        AND t.state = #{state}
    </if>
    <if test="type == '2'.toString() and name != null and name!= ''">
        AND cwu.nick_name LIKE concat(concat('%',#{name}),'%')
    </if>
    ORDER by t.upd_time desc
</select>


    <select id="findTalkList"
            resultType="com.isimpo.tech.framework.admin.auto.entity.content.tratravelertalk.TratRavelerTalk">
        SELECT
        t.id,
        t.title,
        t.digest,
        t.video_path as videoPath,
        t.note,
        t.upd_time as updTime,
        t.state
        <if test="type == '2'.toString()">
            ,mycwu.nick_name as name,
            t.add_time as addTime
        </if>
        FROM
        tra_traveler_talk t
        <if test="type == '2'.toString()">
            LEFT JOIN csr_memb_wechar mycmw ON t.mem_id = mycmw.mem_id
            LEFT JOIN csr_wechar_user mycwu ON mycwu.open_id = mycmw.wechar_id
        </if>
        WHERE
        t.del_flag = '0'
        AND t.id
        NOT IN (SELECT ci.main_id
                FROM cont_index ci
                WHERE ci.type='4'
                AND ci.del_flag='0')
        <if test="type != null and type!=''">
            AND t.type = #{type}
        </if>
        <if test="title != null and title!=''">
            AND t.title LIKE concat(concat('%',#{title}),'%')
        </if>
        <if test="digest != null and digest!=''">
            AND t.digest LIKE concat(concat('%',#{digest}),'%')
        </if>
        <if test="state != null and state!=''">
            AND t.state = #{state}
        </if>
        <if test="type == '2'.toString() and name != null and name!= ''">
            AND mycwu.nick_name LIKE concat(concat('%',#{name}),'%')
        </if>
        ORDER by t.add_time desc
    </select>


    <update id="delTratRavelerTalk">
        update tra_traveler_talk set
        del_flag = '1',
        upd_time = now()
        where
        id = #{id}
    </update>

    <select id="getTratRavelerTalkViewForSys"
            resultType="com.isimpo.tech.framework.admin.auto.entity.content.tratravelertalk.TratRavelerTalkView">
        SELECT
	trt.id,
	trt.digest,
	trt.video_path as videoPath,
	su.real_name AS NAME,
	su.pic,
	(CASE
    WHEN DATEDIFF(NOW(), trt.add_time) = 0 THEN
        CONCAT(
            '今天 ',
            DATE_FORMAT(trt.add_time, '%k:%s')
        )
    WHEN DATEDIFF(NOW(), trt.add_time) = 1 THEN
        CONCAT(
            '昨天 ',
            DATE_FORMAT(trt.add_time, '%k:%s')
        )
    ELSE
        DATE_FORMAT(
            trt.add_time,
            '%Y-%m-%d %k:%s'
        )
    END) as dateFlag
    FROM
        tra_traveler_talk trt
    LEFT JOIN sys_user su ON su.id = trt.mem_id
    WHERE
        trt.id = #{id}
    </select>

    <select id="getTratRavelerTalkViewForUser"
            resultType="com.isimpo.tech.framework.admin.auto.entity.content.tratravelertalk.TratRavelerTalkView">
      SELECT
        trt.id,
        trt.digest,
        trt.video_path AS videoPath,
        mycwu.nick_name AS NAME,
        mycwu.photo as pic,
        (
            CASE
            WHEN DATEDIFF(NOW(), trt.add_time) = 0 THEN
                CONCAT(
                    '今天 ',
                    DATE_FORMAT(trt.add_time, '%k:%s')
                )
            WHEN DATEDIFF(NOW(), trt.add_time) = 1 THEN
                CONCAT(
                    '昨天 ',
                    DATE_FORMAT(trt.add_time, '%k:%s')
                )
            ELSE
                DATE_FORMAT(
                    trt.add_time,
                    '%Y-%m-%d %k:%s'
                )
            END
        ) AS dateFlag
        FROM
            tra_traveler_talk trt
        LEFT JOIN csr_memb_wechar mycmw ON trt.mem_id = mycmw.mem_id
        LEFT JOIN csr_wechar_user mycwu ON mycwu.open_id = mycmw.wechar_id
        WHERE
            trt.id = #{id}
    </select>

    <select id="getTalkList"
            resultType="com.isimpo.tech.framework.admin.auto.entity.content.tratravelertalk.TratRavelerTalkView">
        SELECT
            tc.id,
            (
                CASE
                WHEN tc.comment_id IS NULL THEN
                    tc.content
                WHEN tc.comment_id IS NOT NULL THEN
                    CONCAT(
                        '@',

                    IF (
                        ycwu.nick_name IS NULL,
                        '',
                        ycwu.nick_name
                    ),
                    ': ',
                    tc.content
                    )
                ELSE
                    ''
                END
            ) AS content,
            tc.add_time as addTime,
            mycwu.nick_name as name,
            mycwu.photo as pic
        FROM
            tra_comment tc
        LEFT JOIN csr_memb_wechar mycmw ON tc.mem_id = mycmw.mem_id
        LEFT JOIN csr_wechar_user mycwu ON mycwu.open_id = mycmw.wechar_id
        LEFT JOIN csr_memb_wechar ycmw ON tc.comment_id = ycmw.mem_id
        LEFT JOIN csr_wechar_user ycwu ON ycwu.open_id = ycmw.wechar_id
        WHERE
            tc.main_id = #{id}
        AND tc.del_flag = '0'
        ORDER BY tc.add_time DESC
    </select>

    <update id="delTalk">
        update tra_comment set del_flag = '1', upd_time = now() where id = #{id}
    </update>
</mapper>
