<?xml version="1.0" encoding="UTF-8"?>
<!DOCTYPE mapper PUBLIC "-//mybatis.org//DTD Mapper 3.0//EN" "http://mybatis.org/dtd/mybatis-3-mapper.dtd">
<mapper namespace="com.isimpo.tech.framework.applet.auto.mapper.homePage.ArticleMapper">
  <resultMap id="BaseResultMap" type="com.isimpo.tech.framework.applet.auto.entity.homePage.Article">
    <!--
      WARNING - @mbg.generated
    -->
    <id column="id" jdbcType="CHAR" property="id" />
    <result column="title" jdbcType="VARCHAR" property="title" />
    <result column="digest" jdbcType="VARCHAR" property="digest" />
    <result column="cover" jdbcType="VARCHAR" property="cover" />
    <result column="state" jdbcType="CHAR" property="state" />
    <result column="author" jdbcType="VARCHAR" property="author" />
    <result column="thumb_media_id" jdbcType="VARCHAR" property="thumbMediaId" />
    <result column="content_source_url" jdbcType="VARCHAR" property="contentSourceUrl" />
    <result column="update_time" jdbcType="TIMESTAMP" property="updateTime" />
    <result column="del_flag" jdbcType="CHAR" property="delFlag" />
    <result column="add_time" jdbcType="TIMESTAMP" property="addTime" />
    <result column="add_user_id" jdbcType="VARCHAR" property="addUserId" />
    <result column="add_mark" jdbcType="VARCHAR" property="addMark" />
    <result column="upd_time" jdbcType="TIMESTAMP" property="updTime" />
    <result column="upd_user_id" jdbcType="VARCHAR" property="updUserId" />
    <result column="upd_mark" jdbcType="VARCHAR" property="updMark" />
    <result column="content" jdbcType="LONGVARCHAR" property="content" />
  </resultMap>


  <select id="getArticleList" resultType="com.isimpo.tech.framework.applet.auto.entity.homePage.Article">
    SELECT * from cont_article
    WHERE del_flag='0'
      AND state='1'
    ORDER BY update_time DESC
  </select>

  <select id="getOne" resultType="com.isimpo.tech.framework.applet.auto.entity.homePage.Article">
      SELECT id,
      title,
      content,
      add_time addTime
     from cont_article
     WHERE del_flag='0'
     AND state='1'
      AND id = #{id}
     ORDER BY add_time

  </select>

</mapper>
