<?xml version="1.0" encoding="UTF-8"?>
<!DOCTYPE mapper PUBLIC "-//mybatis.org//DTD Mapper 3.0//EN" "http://mybatis.org/dtd/mybatis-3-mapper.dtd">
<mapper namespace="com.isimpo.tech.framework.applet.auto.mapper.homePage.IndexPicMapper">
    <resultMap id="BaseResultMap" type="com.isimpo.tech.framework.applet.auto.entity.homePage.IndexPic">
        <!--
          WARNING - @mbg.generated
        -->
        <id column="id" jdbcType="CHAR" property="id"/>
        <result column="name" jdbcType="VARCHAR" property="name"/>
        <result column="url_path" jdbcType="VARCHAR" property="urlPath"/>
        <result column="thumbnail" jdbcType="VARCHAR" property="thumbnail"/>
        <result column="path" jdbcType="VARCHAR" property="path"/>
        <result column="del_flag" jdbcType="CHAR" property="delFlag"/>
        <result column="add_time" jdbcType="TIMESTAMP" property="addTime"/>
        <result column="add_user_id" jdbcType="VARCHAR" property="addUserId"/>
        <result column="add_mark" jdbcType="VARCHAR" property="addMark"/>
        <result column="upd_time" jdbcType="TIMESTAMP" property="updTime"/>
        <result column="upd_user_id" jdbcType="VARCHAR" property="updUserId"/>
        <result column="upd_mark" jdbcType="VARCHAR" property="updMark"/>
    </resultMap>

    <resultMap id="BaseMap" type="com.isimpo.tech.framework.applet.auto.entity.homePage.Route">
        <!--
          WARNING - @mbg.generated
        -->
        <id column="id" jdbcType="CHAR" property="id" />
        <result column="title" jdbcType="VARCHAR" property="title" />
        <result column="stroke" jdbcType="VARCHAR" property="stroke" />
        <result column="chara" jdbcType="VARCHAR" property="chara" />
        <result column="days" jdbcType="INTEGER" property="days" />
        <result column="cost" jdbcType="DECIMAL" property="cost" />
        <result column="state" jdbcType="CHAR" property="state" />
        <result column="cover" jdbcType="VARCHAR" property="cover" />
        <result column="summary" jdbcType="VARCHAR" property="summary" />
        <result column="del_flag" jdbcType="CHAR" property="delFlag" />
        <result column="add_time" jdbcType="TIMESTAMP" property="addTime" />
        <result column="add_user_id" jdbcType="VARCHAR" property="addUserId" />
        <result column="add_mark" jdbcType="VARCHAR" property="addMark" />
        <result column="upd_time" jdbcType="TIMESTAMP" property="updTime" />
        <result column="upd_user_id" jdbcType="VARCHAR" property="updUserId" />
        <result column="upd_mark" jdbcType="VARCHAR" property="updMark" />
        <result column="content" jdbcType="LONGVARCHAR" property="content" />
        <result column="file_path" jdbcType="LONGVARCHAR" property="filePath" />
        <result column="start_date" jdbcType="TIMESTAMP" property="startDate" />
        <result column="end_date" jdbcType="TIMESTAMP" property="endDate" />
        <result column="deposit" jdbcType="DECIMAL" property="deposit" />
        <result column="plan_amount" jdbcType="INTEGER" property="planAmount" />
        <result column="real_amount" jdbcType="INTEGER" property="realAmount" />
        <result column="notice" jdbcType="VARCHAR" property="notice" />

        <collection property="customize" javaType="list" ofType="com.isimpo.tech.framework.applet.auto.entity.homePage.RouteCust">
            <!-- 配置主键，是关联Order的唯一标识 -->
            <id property="id" column="cid" />
            <result property="dicId" column="dicId" />
            <result property="label" column="label" />
            <result property="value" column="value" />
            <result property="description" column="description" />
        </collection>

    </resultMap>


    <select id="getH5Banner" resultType="com.isimpo.tech.framework.applet.auto.entity.homePage.IndexPic">
         SELECT
            id,
            url_path urlPath,
            path,
            thumbnail
        FROM cont_index_pic
        WHERE del_flag = '0'
        ORDER BY add_time DESC
        LIMIT 4
    </select>

    <!--推荐管家列表-->
    <select id="getH5Housekeeper" resultType="com.isimpo.tech.framework.applet.auto.entity.homePage.Housekeeper">
       SELECT ch.id,ch.content,ch.cover,cm.note,cm.`name`,ch.mem_id memId
       FROM cont_index ci
       LEFT JOIN csr_housekeeper ch ON ci.main_id=ch.id
       LEFT JOIN csr_member cm ON ch.mem_id=cm.id
       WHERE ci.del_flag='0'
       AND  ch.del_flag='0'
       AND ci.type='1'
       ORDER BY ci.add_time DESC
    </select>

    <!--管家列表,分页-->
    <select id="findHkList" resultType="com.isimpo.tech.framework.applet.auto.entity.homePage.Housekeeper">
       SELECT ch.id,ch.content,ch.cover,cm.note,cm.`name`,ch.mem_id memId
       FROM csr_housekeeper ch
       LEFT JOIN csr_member cm ON ch.mem_id=cm.id
       WHERE ch.del_flag='0'
       ORDER BY ch.add_time DESC
    </select>

    <!--微信端，所有管家列表-->
    <select id="getAllHousekeeper" resultType="com.isimpo.tech.framework.applet.auto.entity.homePage.Housekeeper">
       SELECT ch.id,ch.content,ch.cover,cm.note,cm.`name`,ch.mem_id memId
       FROM  csr_member cm
       LEFT JOIN csr_housekeeper ch ON ch.mem_id=cm.id
       WHERE cm.del_flag='0'
       AND cm.type='2'
       ORDER BY cm.add_time DESC
    </select>

    <select id="getOneHousekeeper" resultType="com.isimpo.tech.framework.applet.auto.entity.homePage.Housekeeper">
       SELECT ch.id,ch.content,ch.cover,cm.note,cm.`name`,ch.mem_id memId
       FROM csr_housekeeper ch
       LEFT JOIN csr_member cm ON ch.mem_id=cm.id
       WHERE ch.del_flag='0'
       AND ch.id=#{id}
    </select>




  <!--  <select id="getAllRoute" resultMap="BaseMap" parameterType="com.isimpo.tech.framework.applet.auto.entity.homePage.Route">
        SELECT cr.id,
        cr.title,
        cr.stroke,
        cr.chara,
        cr.days,cr.cost,
        cr.state,cr.cover,
        cr.summary,cr.del_flag,
        cr.add_time,cr.add_user_id,
        cr.upd_time,
        cr.upd_user_id,
        cr.content,
        cr.file_path,
        crc.id cid,
        crc.dic_id dicId,
        sd.label,
        sd.`value`,
        sd.type,
        sd.description
        FROM `cont_route` cr
        LEFT JOIN cont_route_cust crc ON  crc.route_id=cr.id
        LEFT JOIN sys_dict sd ON sd.id=crc.dic_id
        WHERE  cr.del_flag = '0'
        <if test="title != null and title!=''">
            AND cr.title LIKE concat(concat('%',#{title}),'%')
        </if>

        <if test="state != null and state!=''">
            AND cr.state LIKE concat(concat('%',#{state}),'%')
        </if>
        ORDER BY cr.add_time desc
        limit 2
    </select>-->

   <!-- // 经典定制-->
    <select id="getH5Route" resultMap="BaseMap" parameterType="com.isimpo.tech.framework.applet.auto.entity.homePage.Route">
        SELECT cr.id,
        cr.title,
        cr.stroke,
        cr.chara,
        cr.days,cr.cost,
        cr.state,cr.cover,
        cr.summary,cr.del_flag,
        cr.add_time,cr.add_user_id,
        cr.upd_time,
        cr.upd_user_id,
        cr.content,
        cr.file_path,
        cr.deposit AS deposit,
        cr.start_date,
        cr.end_date,
        IFNULL(cr.plan_amount,0) AS plan_amount,
        IFNULL(cr.real_amount,0) AS real_amount,
        cr.notice AS notice,
        cr.recruit_state AS recruitState,
        crc.id cid,
        crc.dic_id dicId,
        sd.label,
        sd.`value`,
        sd.type,
        sd.description
        FROM cont_index ci
        LEFT JOIN  `cont_route` cr
        ON cr.id=ci.main_id
        LEFT JOIN cont_route_cust crc ON  crc.route_id=cr.id
        LEFT JOIN sys_dict sd ON sd.id=crc.dic_id
        WHERE  cr.del_flag = '0'
        AND ci.del_flag='0'
        AND ci.type='2'
        AND cr.state='1'
        AND cr.recruit_state = '1'
        <if test="title != null and title!=''">
            AND cr.title LIKE concat(concat('%',#{title}),'%')
        </if>

        <if test="state != null and state!=''">
            AND cr.state LIKE concat(concat('%',#{state}),'%')
        </if>
        ORDER BY ci.add_time desc

    </select>


    <select id="getH5Article" resultType="com.isimpo.tech.framework.applet.auto.entity.homePage.Article">
           SELECT
           ci.id,
           ca.title,
           ca.content_source_url contentSourceUrl,
           ca.state,
           ca.content,
           ca.add_time,
           ca.cover,
           ca.url
           FROM cont_index ci
           LEFT JOIN cont_article ca
           ON ca.id=ci.main_id
           WHERE ci.type='3'
           AND ci.del_flag='0'
           AND ca.state='1'
           ORDER BY ci.add_time DESC
    </select>


    <!--旅咖说-->
    <select id="getH5TravelerTalk" resultType="com.isimpo.tech.framework.applet.auto.entity.homePage.TravelerTalk">
    SELECT ci.id,ttt.title,ttt.digest,ttt.video_path videoPath,
        ttt.screenshot
    FROM cont_index ci
    LEFT JOIN tra_traveler_talk ttt
    ON ttt.id=ci.main_id
    WHERE ci.del_flag='0'
    AND ci.type='4'
    AND ttt.state='1'
    ORDER BY ci.add_time DESC
  </select>

    <!--推荐攻略-->
    <select id="indexStrategy" resultType="com.isimpo.tech.framework.applet.auto.entity.resound.strategy.StrategyVo">
        SELECT
        DISTINCT cs.id,
        cs.title,
        cs.cover,
        cs.state,
        cs.set_out AS setOut,
        cs.days,
        CASE WHEN cs.cost>9999 THEN CONCAT(ROUND(cs.cost/10000,1),'万')
        ELSE ROUND(cs.cost) END AS cost,
        cs.companion,
        cs.source,
        cs.author,
        cs.add_time AS addTime,
        ci.add_time,
        (CASE WHEN cm.talent_flag='1' THEN '1' ELSE '0' END) AS talentFlag,
        (SELECT COUNT(1) FROM tra_laud_record WHERE del_flag = '0' AND  main_id = cs.id) AS praiseNum,
        (CASE WHEN cs.source='1' THEN ue.real_name WHEN IFNULL(cwu.nick_name,'')='' THEN cm.name ELSE cwu.nick_name END) AS nickName,
        (CASE WHEN cs.source='1' THEN ue.pic ELSE cwu.photo END) AS photo
        FROM cont_index ci
        LEFT JOIN cont_strategy cs ON ci.main_id=cs.id
        LEFT JOIN csr_member cm ON cm.id = cs.author AND cm.del_flag = '0'
        LEFT JOIN csr_memb_wechar cmw ON cmw.mem_id = cs.author AND cmw.del_flag = '0' AND cs.source='2'
        LEFT JOIN csr_wechar_user cwu ON cwu.id = cmw.wechar_id AND cwu.del_flag = '0'
        LEFT JOIN sys_user ue ON cs.author=ue.id AND cs.source='1'
        WHERE
        ci.del_flag = '0'
        AND ci.type='5'
        AND  cs.del_flag = '0'
        AND cs.state = '1'
        <if test=" memId !=null and memId !='' ">
            AND cs.author = #{memId}
        </if>
        ORDER BY ci.add_time DESC,cs.id
    </select>

    <select id="getPhone" resultType="java.lang.String">
   SELECT telephone
   FROM sys_base
   WHERE del_flag='0'
  </select>

    <select id="getMyRouteList" resultMap="BaseMap" parameterType="com.isimpo.tech.framework.applet.auto.entity.homePage.Route">
        SELECT
            cr.id,
            cr.title
        FROM
            `cont_route` cr
        WHERE
            cr.del_flag = '0'
        AND cr.state = '1'
        AND cr.recruit_state = '1'
        ORDER BY
            cr.add_time DESC
    </select>

</mapper>
