<?xml version="1.0" encoding="UTF-8"?>
<!DOCTYPE mapper PUBLIC "-//mybatis.org//DTD Mapper 3.0//EN" "http://mybatis.org/dtd/mybatis-3-mapper.dtd">
<mapper namespace="com.isimpo.tech.framework.applet.auto.mapper.homePage.MemberMapper">
  <resultMap id="BaseResultMap" type="com.isimpo.tech.framework.applet.auto.entity.homePage.Member">
    <!--
      WARNING - @mbg.generated
    -->
    <id column="id" jdbcType="CHAR" property="id" />
    <result column="name" jdbcType="VARCHAR" property="name" />
    <result column="gender" jdbcType="CHAR" property="gender" />
    <result column="birthday" jdbcType="DATE" property="birthday" />
    <result column="phone" jdbcType="VARCHAR" property="phone" />
    <result column="id_type" jdbcType="VARCHAR" property="idType" />
    <result column="id_num" jdbcType="VARCHAR" property="idNum" />
    <result column="source" jdbcType="VARCHAR" property="source" />
    <result column="note" jdbcType="VARCHAR" property="note" />
    <result column="type" jdbcType="CHAR" property="type" />
    <result column="talent_flag" jdbcType="CHAR" property="talentFlag" />
    <result column="del_flag" jdbcType="CHAR" property="delFlag" />
    <result column="add_time" jdbcType="TIMESTAMP" property="addTime" />
    <result column="add_user_id" jdbcType="VARCHAR" property="addUserId" />
    <result column="add_mark" jdbcType="VARCHAR" property="addMark" />
    <result column="upd_time" jdbcType="TIMESTAMP" property="updTime" />
    <result column="upd_user_id" jdbcType="VARCHAR" property="updUserId" />
    <result column="upd_mark" jdbcType="VARCHAR" property="updMark" />
  </resultMap>
  <select id="findList" resultType="com.isimpo.tech.framework.applet.auto.entity.homePage.Member">
        SELECT
          tbs.id,
          tbs.mem_id,
          (
          CASE
            WHEN IFNULL(cwu.nick_name, '') = ''
            AND IFNULL(cmb. NAME, '') = '' THEN
                '匿名'
            WHEN IFNULL(cwu.nick_name, '') = '' THEN
                cmb. NAME
            ELSE
                cwu.nick_name
            END
          ) AS name,
          cwu.photo,
          tbs.role
      FROM
      (
          SELECT
              id,
              housekeeper_id AS mem_id,
              '1' AS role
          FROM
            tra_base
          WHERE
            del_flag = '0'
            AND id = #{traId}
          UNION ALL
          SELECT
              tb.id,
              th.hk_id AS guide_id,
              '2' AS role
          FROM
            tra_base tb
          LEFT JOIN tra_hk th on th.tra_id = tb.id and th.del_flag = '0'
          LEFT JOIN csr_member cm on cm.id = th.hk_id and cm.del_flag = '0'
          WHERE
            tb.del_flag = '0'
              AND tb.id = #{traId}
              -- AND IFNULL(guide_id, '') != ''
          UNION ALL
          SELECT
              a.id,
              tmb.mem_id,
              (
              CASE
              WHEN tmb.leader_flag = '1' THEN
              '3'
              ELSE
              '4'
              END
              ) AS role
          FROM
            tra_base AS a
          LEFT JOIN tra_member AS tmb ON a.id = tmb.tra_id
          WHERE
              a.del_flag = '0'
              AND tmb.del_flag = '0'
              AND a.id = #{traId}
      ) AS tbs
          LEFT JOIN csr_memb_wechar AS cmw ON tbs.mem_id = cmw.mem_id
          LEFT JOIN csr_wechar_user AS cwu ON cmw.wechar_id = cwu.id
          LEFT JOIN csr_member AS cmb ON tbs.mem_id = cmb.id
      ORDER BY
        tbs.role ASC
  </select>
</mapper>
