<?xml version="1.0" encoding="UTF-8"?>
<!DOCTYPE mapper PUBLIC "-//mybatis.org//DTD Mapper 3.0//EN" "http://mybatis.org/dtd/mybatis-3-mapper.dtd">
<mapper namespace="com.isimpo.tech.framework.applet.auto.mapper.homePage.ReserveMapper">
  <resultMap id="BaseResultMap" type="com.isimpo.tech.framework.applet.auto.entity.homePage.Reserve">
    <!--
      WARNING - @mbg.generated
    -->
    <id column="id" jdbcType="CHAR" property="id" />
    <result column="title" jdbcType="VARCHAR" property="title" />
    <result column="phone" jdbcType="VARCHAR" property="phone" />
    <result column="place" jdbcType="VARCHAR" property="place" />
    <result column="state" jdbcType="CHAR" property="state" />
    <result column="housekeeper_id" jdbcType="CHAR" property="housekeeperId" />
    <result column="note" jdbcType="VARCHAR" property="note" />
    <result column="hk_name" jdbcType="VARCHAR" property="hkName" />
    <result column="handle_time" jdbcType="TIMESTAMP" property="handleTime" />
    <result column="ysnc_state" jdbcType="CHAR" property="ysncState" />
    <result column="mem_id" jdbcType="CHAR" property="memId" />
    <result column="del_flag" jdbcType="CHAR" property="delFlag" />
    <result column="add_time" jdbcType="TIMESTAMP" property="addTime" />
    <result column="add_user_id" jdbcType="VARCHAR" property="addUserId" />
    <result column="add_mark" jdbcType="VARCHAR" property="addMark" />
    <result column="upd_time" jdbcType="TIMESTAMP" property="updTime" />
    <result column="upd_user_id" jdbcType="VARCHAR" property="updUserId" />
    <result column="upd_mark" jdbcType="VARCHAR" property="updMark" />
  </resultMap>
<select id="getEmailList" resultType="java.lang.String">

SELECT notice_email
FROM sys_base
WHERE del_flag='0'

</select>

  <select id="getSysConfigure" resultType="com.isimpo.tech.framework.applet.auto.entity.sysBase.SysConfigure">
        SELECT
        sb.id AS id,
        sb.notice_email AS noticeEmail ,
        sb.qrcode_name AS qrcodeName,
        sb.qrcode_path AS qrcodePath,
        sb.send_email AS sendEmail,
         sb.email_pwd AS emailPwd
        FROM sys_base sb limit 1
    </select>

    <select id="getPlace" resultType="com.isimpo.tech.framework.applet.auto.entity.homePage.SysDict">
        SELECT
            *
        FROM
            sys_dict d
        WHERE
            d.del_flag = '0'
        AND d.type = 'place'
        order by sort
    </select>


</mapper>
