<?xml version="1.0" encoding="UTF-8"?>
<!DOCTYPE mapper PUBLIC "-//mybatis.org//DTD Mapper 3.0//EN" "http://mybatis.org/dtd/mybatis-3-mapper.dtd">
<mapper namespace="com.isimpo.tech.framework.applet.auto.mapper.homePage.RouteMapper">
  <resultMap id="BaseResultMap" type="com.isimpo.tech.framework.applet.auto.entity.homePage.Route">
    <!--
      WARNING - @mbg.generated
    -->
    <id column="id" jdbcType="CHAR" property="id" />
    <result column="title" jdbcType="VARCHAR" property="title" />
    <result column="stroke" jdbcType="VARCHAR" property="stroke" />
    <result column="chara" jdbcType="VARCHAR" property="chara" />
    <result column="days" jdbcType="INTEGER" property="days" />
    <result column="cost" jdbcType="DECIMAL" property="cost" />
    <result column="state" jdbcType="CHAR" property="state" />
    <result column="cover" jdbcType="VARCHAR" property="cover" />
    <result column="summary" jdbcType="VARCHAR" property="summary" />
    <result column="del_flag" jdbcType="CHAR" property="delFlag" />
    <result column="add_time" jdbcType="TIMESTAMP" property="addTime" />
    <result column="add_user_id" jdbcType="VARCHAR" property="addUserId" />
    <result column="add_mark" jdbcType="VARCHAR" property="addMark" />
    <result column="upd_time" jdbcType="TIMESTAMP" property="updTime" />
    <result column="upd_user_id" jdbcType="VARCHAR" property="updUserId" />
    <result column="upd_mark" jdbcType="VARCHAR" property="updMark" />
    <result column="content" jdbcType="LONGVARCHAR" property="content" />
    <result column="file_path" jdbcType="LONGVARCHAR" property="filePath" />
    <result column="start_date" jdbcType="TIMESTAMP" property="startDate" />
    <result column="end_date" jdbcType="TIMESTAMP" property="endDate" />
    <result column="deposit" jdbcType="DECIMAL" property="deposit" />
    <result column="plan_amount" jdbcType="INTEGER" property="planAmount" />
    <result column="real_amount" jdbcType="INTEGER" property="realAmount" />
    <result column="notice" jdbcType="VARCHAR" property="notice" />

    <collection property="customize" javaType="list" ofType="com.isimpo.tech.framework.applet.auto.entity.homePage.RouteCust">
      <!-- 配置主键，是关联Order的唯一标识 -->
      <id property="id" column="cid" />
      <result property="dicId" column="dicId" />
      <result property="label" column="label" />
      <result property="value" column="value" />
      <result property="description" column="description" />
    </collection>


  </resultMap>




  <select id="findList" resultMap="BaseResultMap" parameterType="java.lang.String">
    SELECT cr.id,
    cr.title,
    cr.stroke,
    cr.chara,
    cr.days,cr.cost,
    cr.state,cr.cover,
    cr.summary,cr.del_flag,
    cr.add_time,cr.add_user_id,
    cr.upd_time,
    cr.upd_user_id,
    cr.content,
    cr.file_path,
    cr.deposit AS deposit,
    cr.start_date,
    cr.end_date,
    cr.plan_amount,
    IFNULL(cr.real_amount,0) AS real_amount,
    cr.notice AS notice,
    cr.recruit_state AS recruitState,
    crc.id cid,
    crc.dic_id dicId,
    sd.label,
    sd.`value`,
    sd.type,
    sd.description
    FROM `cont_route` cr
    LEFT JOIN cont_route_cust crc ON  crc.route_id=cr.id
    LEFT JOIN sys_dict sd ON sd.id=crc.dic_id
    WHERE  cr.del_flag = '0'
    <if test="title != null and title!=''">
      AND cr.title LIKE concat(concat('%',#{title}),'%')
    </if>

    <if test="state != null and state!=''">
      AND cr.state LIKE concat(concat('%',#{state}),'%')
    </if>
    <if test="id != null and id!=''">
      AND cr.id = #{id}
    </if>
    ORDER BY cr.add_time desc
  </select>




</mapper>
