<?xml version="1.0" encoding="UTF-8"?>
<!DOCTYPE mapper PUBLIC "-//mybatis.org//DTD Mapper 3.0//EN" "http://mybatis.org/dtd/mybatis-3-mapper.dtd">
<mapper namespace="com.isimpo.tech.framework.applet.auto.mapper.homePage.TravelerTalkMapper">
  <resultMap id="BaseResultMap" type="com.isimpo.tech.framework.applet.auto.entity.homePage.TravelerTalk">
    <!--
      WARNING - @mbg.generated
    -->
    <id column="id" jdbcType="CHAR" property="id" />
    <result column="mem_id" jdbcType="CHAR" property="memId" />
    <result column="title" jdbcType="VARCHAR" property="title" />
    <result column="digest" jdbcType="VARCHAR" property="digest" />
    <result column="cover" jdbcType="VARCHAR" property="cover" />
    <result column="state" jdbcType="CHAR" property="state" />
    <result column="video_path" jdbcType="VARCHAR" property="videoPath" />
    <result column="note" jdbcType="VARCHAR" property="note" />
    <result column="type" jdbcType="CHAR" property="type" />
    <result column="del_flag" jdbcType="CHAR" property="delFlag" />
    <result column="add_time" jdbcType="TIMESTAMP" property="addTime" />
    <result column="add_user_id" jdbcType="VARCHAR" property="addUserId" />
    <result column="add_mark" jdbcType="VARCHAR" property="addMark" />
    <result column="upd_time" jdbcType="TIMESTAMP" property="updTime" />
    <result column="upd_user_id" jdbcType="VARCHAR" property="updUserId" />
    <result column="upd_mark" jdbcType="VARCHAR" property="updMark" />
  </resultMap>
</mapper>
