<?xml version="1.0" encoding="UTF-8"?>
<!DOCTYPE generatorConfiguration
        PUBLIC "-//mybatis.org//DTD MyBatis Generator Configuration 1.0//EN"
        "http://mybatis.org/dtd/mybatis-generator-config_1_0.dtd">

<generatorConfiguration>
    <context id="mysql" targetRuntime="MyBatis3Simple"
             defaultModelType="flat">
        <property name="beginningDelimiter" value="`"/>
        <property name="endingDelimiter" value="`"/>
        <property name="mergeable" value="false"></property>
        <plugin type="tk.mybatis.mapper.generator.MapperPlugin">
            <property name="mappers" value="tk.mybatis.mapper.common.Mapper"/>
        </plugin>

        <jdbcConnection driverClass="com.mysql.jdbc.Driver"
                        connectionURL="jdbc:mysql://10.110.1.249:3306/kele0128?useUnicode=true&amp;characterEncoding=UTF8"
                        userId="root" password="shtx">
        </jdbcConnection>

        <javaModelGenerator targetPackage="${targetModelPackage}"
                            targetProject="${targetJavaProject}"/>

        <sqlMapGenerator targetPackage="${targetXMLPackage}"
                         targetProject="${targetResourcesProject}"/>

        <javaClientGenerator targetPackage="${targetMapperPackage}"
                             targetProject="${targetJavaProject}" type="XMLMAPPER"/>
        <table tableName="tra_wechar_remind" domainObjectName="TraWecharRemind"/>

    </context>
</generatorConfiguration>