<?xml version="1.0" encoding="UTF-8"?>
<!DOCTYPE mapper PUBLIC "-//mybatis.org//DTD Mapper 3.0//EN" "http://mybatis.org/dtd/mybatis-3-mapper.dtd">
<mapper namespace="com.isimpo.tech.framework.applet.auto.mapper.meet.route.RouteMapper">
    <resultMap id="BaseResultMap" type="com.isimpo.tech.framework.applet.auto.entity.meet.route.RouteVo">
        <!--
          WARNING - @mbg.generated
        -->
        <id column="id" jdbcType="CHAR" property="id"/>
        <result column="title" jdbcType="VARCHAR" property="title"/>
        <result column="chara" jdbcType="VARCHAR" property="chara"/>
        <result column="days" jdbcType="INTEGER" property="days"/>
        <result column="cover" jdbcType="VARCHAR" property="cover"/>
        <result column="start_date" jdbcType="TIMESTAMP" property="startDate" />
        <result column="end_date" jdbcType="TIMESTAMP" property="endDate" />
        <result column="deposit" jdbcType="DECIMAL" property="deposit" />
        <result column="plan_amount" jdbcType="INTEGER" property="planAmount" />
        <result column="real_amount" jdbcType="INTEGER" property="realAmount" />
        <result column="notice" jdbcType="VARCHAR" property="notice" />
        <collection property="custLabels" ofType="string">
            <constructor>
                <arg column="label"/>
            </constructor>
        </collection>
    </resultMap>

    <!--查询路线列表-->
    <select id="listRoute" resultMap="BaseResultMap">
        SELECT cr.id,
               cr.title,
               cr.cover,
               cr.days,
               cr.chara,
               cr.deposit AS deposit,
                cr.start_date,
                cr.end_date,
                IFNULL(cr.plan_amount, 0) AS plan_amount,
                IFNULL(cr.real_amount, 0) AS real_amount,
                cr.notice AS notice,
                cr.recruit_state AS recruitState,
                GROUP_CONCAT(sd.label) AS label
        FROM cont_route cr
                 LEFT JOIN cont_route_cust crc ON crc.route_id = cr.id AND crc.del_flag = 0
                 LEFT JOIN sys_dict sd ON sd.id = crc.dic_id AND sd.del_flag = 0
        WHERE cr.del_flag = 0
        AND cr.state = 1
        AND cr.recruit_state = '1'
        GROUP BY cr.id
        ORDER BY cr.add_time DESC
    </select>
</mapper>