<?xml version="1.0" encoding="UTF-8"?>
<!DOCTYPE mapper PUBLIC "-//mybatis.org//DTD Mapper 3.0//EN" "http://mybatis.org/dtd/mybatis-3-mapper.dtd">
<mapper namespace="com.isimpo.tech.framework.applet.auto.mapper.onroad.everyTrip.TraBaseMapper">
  <resultMap id="BaseResultMap" type="com.isimpo.tech.framework.applet.auto.entity.onroad.everyTrip.TraBase">
    <!--
      WARNING - @mbg.generated
    -->
      <id column="id" jdbcType="CHAR" property="id" />
      <result column="name" jdbcType="VARCHAR" property="name" />
      <result column="customer_id" jdbcType="CHAR" property="customerId" />
      <result column="contact" jdbcType="VARCHAR" property="contact" />
      <result column="phone" jdbcType="VARCHAR" property="phone" />
      <result column="start_date" jdbcType="DATE" property="startDate" />
      <result column="end_date" jdbcType="DATE" property="endDate" />
      <result column="housekeeper_id" jdbcType="CHAR" property="housekeeperId" />
      <result column="cover" jdbcType="VARCHAR" property="cover" />
      <result column="note" jdbcType="VARCHAR" property="note" />
      <result column="state" jdbcType="CHAR" property="state" />
      <result column="urgent_phone" jdbcType="VARCHAR" property="urgentPhone" />
      <result column="overview_photo" jdbcType="VARCHAR" property="overviewPhoto" />
      <result column="public_flag" jdbcType="CHAR" property="publicFlag" />
      <result column="time_diff" jdbcType="INTEGER" property="timeDiff" />
      <result column="first_remind" jdbcType="TIMESTAMP" property="firstRemind" />
      <result column="sum_remind" jdbcType="TIMESTAMP" property="sumRemind" />
      <result column="morn_remind" jdbcType="TIME" property="mornRemind" />
      <result column="noon_remind" jdbcType="TIME" property="noonRemind" />
      <result column="night_remind" jdbcType="TIME" property="nightRemind" />
      <result column="del_flag" jdbcType="CHAR" property="delFlag" />
      <result column="add_time" jdbcType="TIMESTAMP" property="addTime" />
      <result column="add_user_id" jdbcType="VARCHAR" property="addUserId" />
      <result column="add_mark" jdbcType="VARCHAR" property="addMark" />
      <result column="upd_time" jdbcType="TIMESTAMP" property="updTime" />
      <result column="upd_user_id" jdbcType="VARCHAR" property="updUserId" />
      <result column="upd_mark" jdbcType="VARCHAR" property="updMark" />
      <result column="overview" jdbcType="LONGVARCHAR" property="overview" />
  </resultMap>

    <select id="findList" resultType="com.isimpo.tech.framework.applet.auto.entity.onroad.everyTrip.TraBase">
        SELECT
            t.id,
            t.name AS name,
            t.customer_id AS customerId,
            t.contact AS contact,
            t.phone AS phone,
            t.start_date AS startDate,
            t.end_date AS endDate,
            t.housekeeper_id AS housekeeperId,
            t.cover AS cover,
            t.note AS note,
            t.state AS state,
            t.urgent_phone AS urgentPhone,
            t.overview_photo AS overviewPhoto,
            t.public_flag AS publicFlag,
            t.time_diff AS timeDiff,
            t.first_remind AS firstRemind,
            t.sum_remind AS sumRemind,
            t.morn_remind AS mornRemind,
            t.noon_remind AS noonRemind,
            t.night_remind AS nightRemind,
            t.night_remind AS nightRemind,
            t.eval_remind AS evalRemind
        FROM
            tra_base t
        WHERE
            t.del_flag = '0'
        AND t.state != '7' and t.state != '0'
        order by t.add_time desc
    </select>

    <select id="findListType" resultType="com.isimpo.tech.framework.applet.auto.entity.onroad.everyTrip.TraBase">
        SELECT
            t.id,
            t.name AS name,
            t.customer_id AS customerId,
            t.contact AS contact,
            t.phone AS phone,
            t.start_date AS startDate,
            t.end_date AS endDate,
            t.housekeeper_id AS housekeeperId,
            t.cover AS cover,
            t.note AS note,
            t.state AS state,
            t.urgent_phone AS urgentPhone,
            t.overview_photo AS overviewPhoto,
            t.public_flag AS publicFlag,
            t.time_diff AS timeDiff,
            t.first_remind AS firstRemind,
            t.sum_remind AS sumRemind,
            t.morn_remind AS mornRemind,
            t.noon_remind AS noonRemind,
            t.night_remind AS nightRemind,
            t.night_remind AS nightRemind,
            t.eval_remind AS evalRemind
        FROM
            tra_base t
        WHERE
            t.del_flag = '0'
            <if test="state != null and state != ''">
                AND t.state = #{state}
            </if>
        order by t.add_time desc
    </select>

    <select id="findTraNewsList" resultType="com.isimpo.tech.framework.applet.auto.entity.onroad.everyTrip.TraNews">
        SELECT
            t.id,
            t.tra_id AS traId,
            t.item_id AS itemId,
            t.housekeeper_id AS housekeeperId,
            t.content AS content,
            t.type AS type,
            t.file_path AS filePath
        FROM
            tra_news t
        WHERE
            t.del_flag = '0'
        AND t.tra_id = #{traId}
        AND t.housekeeper_id = #{housekeeperId}
        AND t.add_time &gt;= #{startTime}
        AND t.add_time &lt;= #{endTime}
    </select>

    <select id="findMemberOpenIds" resultType="com.isimpo.tech.framework.applet.auto.entity.homePage.Member">
        SELECT
            cm.id,
            (
                CASE
                WHEN IFNULL(cwu.nick_name, '') = ''
                AND IFNULL(cm.name, '') = '' THEN
                    '匿名'
                WHEN IFNULL(cwu.nick_name, '') = '' THEN
                    cm.name
                ELSE
                    cwu.nick_name
                END
            ) AS name,
            cwu.open_id AS openId
        FROM
            csr_member cm
        LEFT JOIN csr_memb_wechar cmw ON cmw.mem_id = cm.id
        AND cmw.del_flag = '0'
        LEFT JOIN csr_wechar_user cwu ON cmw.wechar_id = cwu.id
        AND cwu.del_flag = '0'
        WHERE
            cm.id = #{id}
    </select>

    <select id="findAllMemberOpenIds" resultType="com.isimpo.tech.framework.applet.auto.entity.homePage.Member">
        SELECT
            cm.id,
            (
                CASE
                WHEN IFNULL(cwu.nick_name, '') = ''
                AND IFNULL(cm. NAME, '') = '' THEN
                    '匿名'
                WHEN IFNULL(cwu.nick_name, '') = '' THEN
                    cm. NAME
                ELSE
                    cwu.nick_name
                END
            ) AS NAME,
            cwu.open_id AS openId
        FROM
            csr_member cm
        LEFT JOIN csr_memb_wechar cmw ON cmw.mem_id = cm.id
        AND cmw.del_flag = '0'
        LEFT JOIN csr_wechar_user cwu ON cmw.wechar_id = cwu.id
        AND cwu.del_flag = '0'
        WHERE
            cm.del_flag = '0'
        AND cm.type = '2'
    </select>

    <select id="findTraWeRemList" resultType="com.isimpo.tech.framework.applet.auto.entity.onroad.everyTrip.TraWecharRemind">
        SELECT
            *
        FROM
            tra_wechar_remind t
        WHERE
            t.del_flag = '0'
        AND t.tra_id = #{traId}
        AND t.type = #{type}
        <if test="date != null and date != ''">
            AND DATE_FORMAT(t.remind_dt, '%Y-%m-%d') = #{date}
        </if>
    </select>

    <insert id="insertTraWeRemind">
        insert into tra_wechar_remind(
            id,
            tra_id,
            type,
            remind_dt,
            content,
            del_flag,
            add_time,
            add_user_id,
            add_mark,
            upd_time,
            upd_user_id,
            upd_mark
        ) values (
            #{id},
            #{traId},
            #{type},
            #{remindDt},
            #{content},
            '0',
            #{addTime},
            #{addUserId},
            #{addMark},
            #{updTime},
            #{updUserId},
            #{updMark}
        )
    </insert>

    <select id="getMemberListByTraId" resultType="com.isimpo.tech.framework.applet.auto.entity.homePage.Member">
      SELECT
          tbs.id,
          tbs.mem_id,
          (
          CASE
          WHEN IFNULL(cwu.nick_name, '') = ''
            AND IFNULL(cmb. NAME, '') = '' THEN
                '匿名'
            WHEN IFNULL(cwu.nick_name, '') = '' THEN
                cmb. NAME
            ELSE
                cwu.nick_name
          END
          ) AS name,
          cwu.photo,
          tbs.role, -- 1:管家，2：领队，3：团长，4：普通会员
          cwu.open_id AS openId,
          cmb.gender
      FROM
      (
          SELECT
              id,
              housekeeper_id AS mem_id,
              '1' AS role
          FROM
            tra_base
          WHERE
            del_flag = '0'
            AND id = #{traId}
          UNION ALL
          SELECT
              tb.id,
              th.hk_id AS guide_id,
              '2' AS role
          FROM
            tra_base tb
        inner JOIN tra_hk th on th.tra_id = tb.id and th.del_flag = '0'
        inner JOIN csr_member cm on cm.id = th.hk_id and cm.del_flag = '0'
          WHERE
            tb.del_flag = '0'
              AND tb.id = #{traId}
              -- AND IFNULL(guide_id, '') != ''
          UNION ALL
          SELECT
              a.id,
              tmb.mem_id,
              (
              CASE
              WHEN tmb.leader_flag = '1' THEN
              '3'
              ELSE
              '4'
              END
              ) AS role
          FROM
            tra_base AS a
        inner JOIN tra_member AS tmb ON a.id = tmb.tra_id
          WHERE
              a.del_flag = '0'
              AND tmb.del_flag = '0'
              AND a.id = #{traId}
      ) AS tbs
          LEFT JOIN csr_memb_wechar AS cmw ON tbs.mem_id = cmw.mem_id
          LEFT JOIN csr_wechar_user AS cwu ON cmw.wechar_id = cwu.id
          LEFT JOIN csr_member AS cmb ON tbs.mem_id = cmb.id
      <if test="role != null and role != ''">
          where tbs.role = #{role}
      </if>
      ORDER BY
        tbs.role ASC
  </select>
</mapper>