<?xml version="1.0" encoding="UTF-8"?>
<!DOCTYPE mapper PUBLIC "-//mybatis.org//DTD Mapper 3.0//EN" "http://mybatis.org/dtd/mybatis-3-mapper.dtd">
<mapper namespace="com.isimpo.tech.framework.applet.auto.mapper.onroad.everyTrip.TraEvaluateMapper">
  <resultMap id="BaseResultMap" type="com.isimpo.tech.framework.applet.auto.entity.onroad.everyTrip.TraEvaluate">
    <!--
      WARNING - @mbg.generated
    -->
    <id column="id" jdbcType="CHAR" property="id" />
    <result column="tra_id" jdbcType="CHAR" property="traId" />
    <result column="mem_id" jdbcType="CHAR" property="memId" />
    <result column="traffic" jdbcType="INTEGER" property="traffic" />
    <result column="room" jdbcType="INTEGER" property="room" />
    <result column="food" jdbcType="INTEGER" property="food" />
    <result column="travel" jdbcType="INTEGER" property="travel" />
    <result column="content" jdbcType="VARCHAR" property="content" />
    <result column="del_flag" jdbcType="CHAR" property="delFlag" />
    <result column="add_time" jdbcType="TIMESTAMP" property="addTime" />
    <result column="add_user_id" jdbcType="VARCHAR" property="addUserId" />
    <result column="add_mark" jdbcType="VARCHAR" property="addMark" />
    <result column="upd_time" jdbcType="TIMESTAMP" property="updTime" />
    <result column="upd_user_id" jdbcType="VARCHAR" property="updUserId" />
    <result column="upd_mark" jdbcType="VARCHAR" property="updMark" />
  </resultMap>

  <select id="getTraEvalu" resultType="com.isimpo.tech.framework.applet.auto.entity.onroad.everyTrip.TraEvaluate">
      select
        a.id,
        a.tra_id AS traId,
        a.mem_id AS memId,
        a.traffic AS traffic,
        a.room AS room,
        a.food AS food,
        a.travel AS travel,
        a.content AS content,
        a.del_flag AS delFlag
      from tra_evaluate a
      where a.del_flag = '0' and a.tra_id = #{traId} and a.mem_id = #{memId}
  </select>

   <select id="findTraStaff" resultType="com.isimpo.tech.framework.applet.auto.entity.onroad.everyTrip.TraStaffEvaluate">
       select
        a.id,
        a.tra_id AS traId,
        a.staff_d AS staffD,
        a.mem_id AS memId,
        a.type AS type,
        a.score AS score,
        a.content AS content,
        a.del_flag AS delFlag,
        cm.name
        from tra_staff_evaluate a
        LEFT JOIN csr_member cm on cm.id = a.staff_d and cm.del_flag='0'
        where a.del_flag = '0' and a.tra_id = #{traId} and a.mem_id = #{memId}
   </select>
  <insert id="insertTraEval">
    INSERT INTO tra_evaluate(
        id,
        tra_id,
        mem_id,
        traffic,
        room,
        food,
        travel,
        content,
        del_flag,
        add_time,
        add_user_id,
        add_mark,
        upd_time,
        upd_user_id,
        upd_mark
    ) VALUES (
        #{id},
        #{traId},
        #{memId},
        #{traffic},
        #{room},
        #{food},
        #{travel},
        #{content},
        '0',
        #{addTime},
        #{addUserId},
        #{addMark},
        #{updTime},
        #{updUserId},
        #{updMark}
    )
  </insert>

  <insert id="insertTraStaffEval">
    INSERT INTO tra_staff_evaluate(
        id,
        tra_id,
        staff_d,
        mem_id,
        type,
        score,
        content,
        del_flag,
        add_time,
        add_user_id,
        add_mark,
        upd_time,
        upd_user_id,
        upd_mark
    ) VALUES
    <foreach collection="list" item="item" separator=",">
      (#{item.id},
      #{item.traId},
      #{item.staffD},
      #{item.memId},
      #{item.type},
      #{item.score},
      #{item.content},
      '0',
      NOW(),
      #{item.addUserId},
      #{item.addMark},
      NOW(),
      #{item.updUserId},
      #{item.updMark})
    </foreach>
  </insert>
</mapper>