<?xml version="1.0" encoding="UTF-8"?>
<!DOCTYPE mapper PUBLIC "-//mybatis.org//DTD Mapper 3.0//EN" "http://mybatis.org/dtd/mybatis-3-mapper.dtd">
<mapper namespace="com.isimpo.tech.framework.applet.auto.mapper.onroad.everyTrip.TraItemMapper">
  <resultMap id="BaseResultMap" type="com.isimpo.tech.framework.applet.auto.entity.onroad.everyTrip.TraItem">
    <!--
      WARNING - @mbg.generated
    -->
    <id column="id" jdbcType="CHAR" property="id" />
    <result column="place_id" jdbcType="CHAR" property="placeId" />
    <result column="type" jdbcType="CHAR" property="type" />
    <result column="cover" jdbcType="VARCHAR" property="cover" />
    <result column="name" jdbcType="VARCHAR" property="name" />
    <result column="en_name" jdbcType="VARCHAR" property="enName" />
    <result column="overview" jdbcType="VARCHAR" property="overview" />
    <result column="tips" jdbcType="VARCHAR" property="tips" />
    <result column="longitude" jdbcType="VARCHAR" property="longitude" />
    <result column="latitude" jdbcType="VARCHAR" property="latitude" />
    <result column="start_time" jdbcType="TIMESTAMP" property="startTime" />
    <result column="end_time" jdbcType="TIMESTAMP" property="endTime" />
    <result column="reserve" jdbcType="CHAR" property="reserve" />
    <result column="del_flag" jdbcType="CHAR" property="delFlag" />
    <result column="add_time" jdbcType="TIMESTAMP" property="addTime" />
    <result column="add_user_id" jdbcType="VARCHAR" property="addUserId" />
    <result column="add_mark" jdbcType="VARCHAR" property="addMark" />
    <result column="upd_time" jdbcType="TIMESTAMP" property="updTime" />
    <result column="upd_user_id" jdbcType="VARCHAR" property="updUserId" />
    <result column="upd_mark" jdbcType="VARCHAR" property="updMark" />
    <result column="content" jdbcType="LONGVARCHAR" property="content" />
    <result column="files" jdbcType="LONGVARCHAR" property="files" />
  </resultMap>

  <select id="getTraItemById" resultType="com.isimpo.tech.framework.applet.auto.entity.onroad.everyTrip.TraBase">
    SELECT
        a.id,
        a.NAME AS NAME,
        a.customer_id AS customerId,
        a.contact AS contact,
        a.phone AS phone,
        a.start_date AS startDate,
        a.end_date AS endDate,
        a.housekeeper_id AS housekeeperId,
        a.guide_id AS guideId,
        a.cover AS cover,
        a.note AS note,
        a.overview AS overview,
        a.state AS state,
        a.urgent_phone AS urgentPhone,
        a.overview_photo AS overviewPhoto,
        cmb.`name` AS userName,
        cmb.gender AS gender,
        a.public_flag AS publicFlag
    FROM
        tra_base a
    LEFT JOIN tra_member tm ON tm.tra_id = a.id and tm.del_flag='0' AND tm.mem_id = #{memId}
    LEFT JOIN csr_member AS cmb ON tm.mem_id = cmb.id
    WHERE
        a.del_flag = '0'
        AND a.state != '7'
    AND (tm.id IS NOT NULL or a.public_flag='1')
    order by public_flag ASC, a.start_date DESC
  </select>

    <select id="getTraItemHouseKeep" resultType="com.isimpo.tech.framework.applet.auto.entity.onroad.everyTrip.TraBase">
        SELECT
            a.id,
            a. NAME AS NAME,
            a.customer_id AS customerId,
            a.contact AS contact,
            a.phone AS phone,
            a.start_date AS startDate,
            a.end_date AS endDate,
            a.housekeeper_id AS housekeeperId,
            a.guide_id AS guideId,
            a.cover AS cover,
            a.note AS note,
            a.overview AS overview,
            a.state AS state,
            a.urgent_phone AS urgentPhone,
            a.overview_photo AS overviewPhoto,
            a.public_flag AS publicFlag
        FROM
            tra_base a
        WHERE
            a.del_flag = '0'
        AND a.state != '7'
        order by public_flag ASC, a.start_date DESC
    </select>

    <select id="getTraItemGuide" resultType="com.isimpo.tech.framework.applet.auto.entity.onroad.everyTrip.TraBase">
        SELECT
            a.id,
            a.NAME AS NAME,
            a.customer_id AS customerId,
            a.contact AS contact,
            a.phone AS phone,
            a.start_date AS startDate,
            a.end_date AS endDate,
            a.housekeeper_id AS housekeeperId,
            a.guide_id AS guideId,
            a.cover AS cover,
            a.note AS note,
            a.overview AS overview,
            a.state AS state,
            a.urgent_phone AS urgentPhone,
            a.overview_photo AS overviewPhoto,
            cm.`name` AS userName,
            cm.gender AS gender,
            a.public_flag AS publicFlag
        FROM
        tra_base a
        LEFT JOIN csr_member AS cm ON cm.id = a.guide_id and cm.del_flag='0'
        LEFT JOIN tra_hk th on th.tra_id = a.id AND th.del_flag='0'
        WHERE
        a.del_flag = '0'
        AND (th.hk_id =#{memId} or a.public_flag = '1')
        order by public_flag ASC,a.add_time desc
    </select>


    <select id="getListAll" resultType="com.isimpo.tech.framework.applet.auto.entity.onroad.everyTrip.TraBase">
        SELECT DISTINCT
            a.id,
            a. NAME AS NAME,
            a.customer_id AS customerId,
            a.contact AS contact,
            a.phone AS phone,
            a.start_date AS startDate,
            a.end_date AS endDate,
            a.housekeeper_id AS housekeeperId,
            a.guide_id AS guideId,
            a.cover AS cover,
            a.note AS note,
            a.overview AS overview,
            a.state AS state,
            a.urgent_phone AS urgentPhone,
            a.overview_photo AS overviewPhoto,
            a.public_flag AS publicFlag
        FROM
            tra_base a
        LEFT JOIN tra_hk AS hk ON a.id = hk.tra_id
        LEFT JOIN csr_member AS cm ON cm.id = a.housekeeper_id
        AND cm.del_flag = '0'
        AND cm.id = #{memId}
        LEFT JOIN csr_member AS cmhk ON cmhk.id = hk.hk_id
        AND cmhk.del_flag = '0'
        AND cmhk.id = #{memId}
        WHERE
            a.del_flag = '0'
            AND a.state != '7'
        AND (
            a.housekeeper_id = #{memId}
            OR hk.hk_id = #{memId}
            OR a.public_flag = '1'
        )
        order by a.public_flag ASC, a.start_date DESC
    </select>

  <select id="getMemberListByTraId" resultType="com.isimpo.tech.framework.applet.auto.entity.homePage.Member">
      SELECT
          tbs.id,
          tbs.mem_id,
          (
          CASE
          WHEN IFNULL(cwu.nick_name, '') = ''
            AND IFNULL(cmb. NAME, '') = '' THEN
                '匿名'
            WHEN IFNULL(cwu.nick_name, '') = '' THEN
                cmb. NAME
            ELSE
                cwu.nick_name
          END
          ) AS name,
          cwu.photo,
          tbs.role, -- 1:管家，2：领队，3：团长，4：普通会员
          cwu.open_id AS openId,
          cmb.gender
      FROM
      (
          SELECT
              id,
              housekeeper_id AS mem_id,
              '1' AS role
          FROM
            tra_base
          WHERE
            del_flag = '0'
            AND id = #{traId}
          UNION ALL
          SELECT
              tb.id,
              th.hk_id AS guide_id,
              '2' AS role
          FROM
            tra_base tb
          inner JOIN tra_hk th on th.tra_id = tb.id and th.del_flag = '0'
          inner JOIN csr_member cm on cm.id = th.hk_id and cm.del_flag = '0'
          WHERE
            tb.del_flag = '0'
              AND tb.id = #{traId}
              -- AND IFNULL(guide_id, '') != ''
          UNION ALL
          SELECT
              a.id,
              tmb.mem_id,
              (
              CASE
              WHEN tmb.leader_flag = '1' THEN
              '3'
              ELSE
              '4'
              END
              ) AS role
          FROM
            tra_base AS a
          inner JOIN tra_member AS tmb ON a.id = tmb.tra_id
          WHERE
              a.del_flag = '0'
              AND tmb.del_flag = '0'
              AND a.id = #{traId}
      ) AS tbs
          LEFT JOIN csr_memb_wechar AS cmw ON tbs.mem_id = cmw.mem_id
          LEFT JOIN csr_wechar_user AS cwu ON cmw.wechar_id = cwu.id
          LEFT JOIN csr_member AS cmb ON tbs.mem_id = cmb.id
      ORDER BY
        tbs.role ASC
  </select>

    <select id="getCalendarByTraId" resultType="com.isimpo.tech.framework.applet.auto.entity.onroad.everyTrip.TraCalendar">
        SELECT
        a.id,
        a.tra_id AS traId,
        a.tra_date AS traDate,
        DATE_FORMAT(a.tra_date,'%m-%d') AS traDateString,
        a.cover AS cover,
        "0" AS selectFlag
        FROM
        tra_calendar a
        WHERE
        a.del_flag = '0'
        AND tra_id = #{traId}
        ORDER BY
        a.tra_date ASC
    </select>

    <select id="getPhoneByTraId" resultType="java.lang.String">
        SELECT urgent_phone FROM tra_base WHERE id = #{traId}
    </select>

    <insert id="saveTraWish">
        INSERT INTO tra_wish(
          id,
          tra_id,
          mem_id,
          content,
          del_flag,
          add_time,
          add_user_id,
          add_mark,
          upd_time,
          upd_user_id,
          upd_mark
        ) VALUES (
          #{id},
          #{traId},
          #{memId},
          #{content},
          '0',
          #{addTime},
          #{addUserId},
          #{addMark},
          #{updTime},
          #{updUserId},
          #{updMark}
        )
    </insert>

    <insert id="saveTraComplaint">
        INSERT INTO tra_complain(
          id,
          mem_id,
          range_id,
          state,
          content,
          note,
          del_flag,
          add_time,
          add_user_id,
          add_mark,
          upd_time,
          upd_user_id,
          upd_mark
        ) VALUES (
          #{id},
          #{memId},
          #{rangeId},
          '0',
          #{content},
          #{note},
          '0',
          #{addTime},
          #{addUserId},
          #{addMark},
          #{updTime},
          #{updUserId},
          #{updMark}
        )
    </insert>

    <select id="getPlaceTraItemList" resultMap="traPlaceTraItemMap">
        SELECT
            tp.id,
            tp.name AS enName,
            ti.id AS traItemId,
            ti.place_id AS placeId,
            ti.type AS type,
            ti.cover AS cover,
            ti. NAME AS NAME,
            ti.overview AS overview,
            ti.tips AS tips,
            ti.reserve AS reserve,
            DATE_FORMAT(ti.start_time,'%H:%i') AS startTime,
            DATE_FORMAT(ti.end_time,'%H:%i') AS endTime,
            d.icon AS icon,
            ts.id AS traSuppId,
            ts.type AS tsType,
            ts.`name` AS tsName,
            IF(ti.id is null,null,IFNULL(result.itNum, 0)) AS travelCount,
            IF(ti.id is null,null,IFNULL(results.itNums, 0)) AS newsCount
        FROM
          tra_place tp
        LEFT JOIN tra_item ti ON ti.place_id = tp.id
        AND ti.del_flag = '0'
        LEFT JOIN tra_supp ts ON ts.item_id = ti.id
        AND ts.del_flag = '0'
        LEFT JOIN tra_calendar tc ON tc.id = tp.calendar_id
        AND tc.del_flag = '0'
        LEFT JOIN sys_dict d on d.`value`=ti.type and d.type='item_type' and d.del_flag='0'
        LEFT JOIN (
            SELECT
            COUNT(1) AS itNum,
            item_id
            FROM
            tra_travels
            WHERE item_id is not null
            GROUP BY
            item_id
        ) result ON result.item_id = ti.id
        LEFT JOIN (
            SELECT
            COUNT(1) AS itNums,
            item_id
            FROM
            tra_news
            WHERE item_id is not null
            GROUP BY
            item_id
        ) results ON results.item_id = ti.id
        WHERE
          tp.del_flag = '0'
          AND tp.tra_id = #{traId}
        <if test="calendarId != null and calendarId != ''">
            and tp.calendar_id = #{calendarId}
        </if>
            order by tp.sort asc,ti.start_time ASC,ti.end_time ASC,ts.sort ASC
    </select>

    <resultMap id="traPlaceTraItemMap" type="com.isimpo.tech.framework.applet.auto.entity.onroad.everyTrip.TraPlaceTraItem">
        <id column="id" jdbcType="CHAR" property="id"/>
        <result column="enName" jdbcType="VARCHAR" property="enName"/>
        <collection property="traItemList"
                    ofType="com.isimpo.tech.framework.applet.auto.entity.onroad.everyTrip.TraItem">
            <id column="traItemId" jdbcType="CHAR" property="id"/>
            <result column="placeId" jdbcType="VARCHAR" property="placeId"/>
            <result column="type" jdbcType="VARCHAR" property="type"/>
            <result column="cover" jdbcType="VARCHAR" property="cover"/>
            <result column="name" jdbcType="VARCHAR" property="name"/>
            <result column="travelCount" jdbcType="VARCHAR" property="travelCount"/>
            <result column="newsCount" jdbcType="VARCHAR" property="newsCount"/>
            <result column="overview" jdbcType="VARCHAR" property="overview"/>
            <result column="tips" jdbcType="VARCHAR" property="tips"/>
            <result column="reserve" jdbcType="VARCHAR" property="reserve"/>
            <result column="icon" jdbcType="VARCHAR" property="icon"/>
            <result column="startTime" jdbcType="TIMESTAMP" property="startTime"/>
            <result column="endTime" jdbcType="TIMESTAMP" property="endTime"/>
            <collection property="traSuppList" ofType="com.isimpo.tech.framework.applet.auto.entity.onroad.everyTrip.TraSupp">
                <id column="traSuppId" jdbcType="CHAR" property="id"/>
                <result column="tsType" jdbcType="VARCHAR" property="type"/>
                <result column="TsName" jdbcType="VARCHAR" property="name"/>
            </collection>
        </collection>
    </resultMap>

    <select id="getMemberById" resultType="com.isimpo.tech.framework.applet.auto.entity.homePage.Member">
      SELECT
        id,
        name,
        gender,
        birthday,
        phone,
        all_flag AS allFlag
        FROM csr_member
        WHERE id = #{id}
    </select>

    <select id="getTramById" resultType="com.isimpo.tech.framework.applet.auto.entity.onroad.everyTrip.TraBase">
      SELECT
        id,
        name AS name,
        customer_id AS customerId,
        contact AS contact,
        phone AS phone,
        start_date AS startDate,
        end_date AS endDate,
        housekeeper_id AS housekeeperId,
        guide_id AS guideId,
        cover AS cover,
        note AS note,
        overview AS overview,
        tra_remind AS traRemind,
        state AS state,
        overview_photo AS overviewPhoto
        FROM tra_base
        WHERE id = #{id}
    </select>

    <select id="getCalendarById" resultType="com.isimpo.tech.framework.applet.auto.entity.onroad.everyTrip.TraCalendar">
        SELECT
          id,
          tra_id AS traId,
          tra_date AS traDate,
          cover AS cover
        FROM tra_calendar
        WHERE id = #{id}
    </select>

    <select id="getCocoCard" resultType="com.isimpo.tech.framework.applet.auto.entity.onroad.everyTrip.CocoCard">
        SELECT
        a.id,
        a.website AS website,
        a.telephone AS telephone,
        a.address AS address,
        a.qrcode_name AS qrcodeName,
        a.urgent_phone AS urgentPhone,
        a.introduction AS introduction,
        a.company_position AS companyPosition,
        a.notice_email AS noticeEmail,
        a.qrcode_path AS qrcodePath
        FROM
        sys_base a
        WHERE
        a.del_flag = '0'
    </select>

    <select id="checkMemberTram" resultType="java.lang.Integer">
        SELECT count(1) FROM tra_member WHERE tra_id = #{traId} and mem_id = #{memId}
    </select>

    <select id="checkTraBase" resultType="java.lang.Integer">
        SELECT count(1) FROM tra_base WHERE id = #{traId} and (housekeeper_id = #{memId} or guide_id = #{memId})
    </select>

    <select id="findAllFlagMember" resultType="com.isimpo.tech.framework.applet.auto.entity.homePage.Member">
        SELECT
            cm.id,
        (
                CASE
                WHEN IFNULL(cwu.nick_name, '') = ''
                AND IFNULL(cm.NAME, '') = '' THEN
                    '匿名'
                WHEN IFNULL(cwu.nick_name, '') = '' THEN
                    cm.NAME
                ELSE
                    cwu.nick_name
                END
            ) AS NAME,
        cwu.open_id AS openId
        FROM
            csr_member cm
        LEFT JOIN csr_memb_wechar cmw ON cmw.mem_id = cm.id
        LEFT JOIN csr_wechar_user cwu on cwu.id = cmw.wechar_id
        where cm.del_flag='0' and cm.all_flag='1'
    </select>

    <select id="getMemberOpenId" resultType="com.isimpo.tech.framework.applet.auto.entity.homePage.Member">
        SELECT
            cm.id,
        (
                CASE
                WHEN IFNULL(cwu.nick_name, '') = ''
                AND IFNULL(cm.NAME, '') = '' THEN
                    '匿名'
                WHEN IFNULL(cwu.nick_name, '') = '' THEN
                    cm.NAME
                ELSE
                    cwu.nick_name
                END
            ) AS NAME,
        cwu.open_id AS openId
        FROM
            csr_member cm
        LEFT JOIN csr_memb_wechar cmw ON cmw.mem_id = cm.id
        LEFT JOIN csr_wechar_user cwu on cwu.id = cmw.wechar_id
        where cm.del_flag='0' and cm.id = #{id}
    </select>

    <select id="getHouseKeppInfo" resultType="com.isimpo.tech.framework.applet.auto.entity.homePage.Member">
        SELECT
            tb.id,
            (
                CASE
                WHEN IFNULL(cwu.nick_name, '') = ''
                AND IFNULL(cm. NAME, '') = '' THEN
                    '匿名'
                WHEN IFNULL(cwu.nick_name, '') = '' THEN
                    cm. NAME
                ELSE
                    cwu.nick_name
                END
            ) AS NAME,
            cm.type AS type
        FROM
            tra_base tb
        LEFT JOIN csr_member cm ON cm.id = tb.housekeeper_id
        LEFT JOIN csr_memb_wechar cmw ON cmw.mem_id = cm.id
        LEFT JOIN csr_wechar_user cwu ON cwu.id = cmw.wechar_id
        WHERE
            tb.id = #{id}
    </select>

    <select id="getGuideInfo" resultType="com.isimpo.tech.framework.applet.auto.entity.homePage.Member">
        SELECT
            cm.id,
            (
                CASE
                WHEN IFNULL(cwu.nick_name, '') = ''
                AND IFNULL(cm. NAME, '') = '' THEN
                    '匿名'
                WHEN IFNULL(cwu.nick_name, '') = '' THEN
                    cm. NAME
                ELSE
                    cwu.nick_name
                END
            ) AS NAME,
            cm.type AS type
        FROM
            csr_member cm
        LEFT JOIN tra_hk th ON th.hk_id = cm.id
        LEFT JOIN tra_base tb ON tb.id = th.tra_id
        LEFT JOIN csr_memb_wechar cmw ON cmw.mem_id = cm.id
        LEFT JOIN csr_wechar_user cwu ON cwu.id = cmw.wechar_id
        where tb.id = #{id}
    </select>


    <select id="getTraCalendarByTraIdAndDate" resultType="com.isimpo.tech.framework.applet.auto.entity.onroad.everyTrip.TraCalendar">
        SELECT
            a.id,
            a.tra_id AS traId,
            a.tra_date AS traDate,
            a.cover AS cover,
            "0" AS selectFlag
        FROM
          tra_calendar a
        WHERE
          a.del_flag = '0'
        AND tra_id = #{traId} and tra_date = #{date}
        ORDER BY
        a.tra_date ASC
    </select>

    <insert id="addTraCalendar">
        INSERT INTO tra_calendar(
          id,
          tra_id,
          tra_date,
          cover,
          del_flag,
          add_time,
          add_user_id,
          add_mark,
          upd_time,
          upd_user_id,
          upd_mark
        ) VALUES (
          #{id},
          #{traId},
          #{traDate},
          #{cover},
          '0',
          #{addTime},
          #{addUserId},
          #{addMark},
          #{updTime},
          #{updUserId},
          #{updMark}
        )
    </insert>

    <select id="getItemType" resultType="com.isimpo.tech.framework.applet.auto.entity.homePage.SysDict">
        SELECT
            a.id,
            a.VALUE AS VALUE,
            a.label AS label,
            a.type AS type
        FROM
            sys_dict a
        WHERE
            a.del_flag = '0'
        AND a.type = 'item_type'
        ORDER BY
            a.add_time ASC
    </select>

    <select id="getCalendar" resultType="com.isimpo.tech.framework.applet.auto.entity.onroad.everyTrip.TraCalendar">
    SELECT
      id,
      tra_id AS traId,
      tra_date AS traDate,
      cover AS cover
      FROM tra_calendar
      WHERE id = #{id}
  </select>

    <insert id="insertTraSupp">
    insert into tra_supp(
        id,
        item_id,
        type,
        cover,
        name,
        en_name,
        overview,
        tips,
        longitude,
        latitude,
        content,
        sort,
        del_flag,
        add_time,
        add_user_id,
        upd_time,
        upd_user_id
    ) values (
        #{id},
        #{itemId},
        #{type},
        #{cover},
        #{name},
        #{enName},
        #{overview},
        #{tips},
        #{longitude},
        #{latitude},
        #{content},
        #{sort},
        0,
        NOW(),
        #{addUserId},
        NOW(),
        #{updUserId}
    )
  </insert>

    <update id="updateTraSupp">
      update tra_supp set
        type = #{type},
        cover = #{cover},
        name = #{name},
        en_name = #{enName},
        overview = #{overview},
        tips = #{tips},
        longitude = #{longitude},
        latitude = #{latitude},
        content = #{content},
        sort = #{sort},
        upd_time = NOW(),
        upd_user_id = #{updUserId}
      where id = #{id}
  </update>

    <select id="getTraSupp" resultType="com.isimpo.tech.framework.applet.auto.entity.onroad.everyTrip.TraSupp">
      select
        id,
        item_id AS itemId,
        type AS type,
        cover AS cover,
        name AS name,
        en_name AS enName,
        overview AS overview,
        tips AS tips,
        longitude AS longitude,
        latitude AS latitude,
        content AS content,
        sort AS sort
      from tra_supp where id = #{id}
  </select>

    <select id="getTraPlaceMaxSort" resultType="java.lang.Integer">
        SELECT
            IFNULL(max(a.sort),0)
        FROM
            tra_place a
        WHERE
            a.tra_id = #{traId}
        AND calendar_id = #{calendarId}
    </select>

    <insert id="insertTraPlace">
        INSERT INTO tra_place(
          id,
          tra_id,
          calendar_id,
          cover,
          name,
          en_name,
          overview,
          tips,
          sort,
          del_flag,
          add_time,
          add_user_id,
          add_mark,
          upd_time,
          upd_user_id,
          upd_mark
        ) VALUES (
          #{id},
          #{traId},
          #{calendarId},
          #{cover},
          #{name},
          #{enName},
          #{overview},
          #{tips},
          #{sort},
          '0',
          #{addTime},
          #{addUserId},
          #{addMark},
          #{updTime},
          #{updUserId},
          #{updMark}
        )
    </insert>
</mapper>