<?xml version="1.0" encoding="UTF-8" ?>
<!DOCTYPE mapper
        PUBLIC "-//mybatis.org//DTD Mapper 3.0//EN"
        "http://mybatis.org/dtd/mybatis-3-mapper.dtd">
<mapper namespace="com.isimpo.tech.framework.applet.auto.mapper.resound.StrategyMapper">

    <!--逻辑删除攻略-->
    <update id="delStrategy">
        UPDATE cont_strategy
        SET del_flag    = 1,
            upd_user_id = #{updUserId},
            upd_time    = NOW()
        WHERE id = #{id}
    </update>

    <!--查询攻略列表-->
    <select id="getStrategyList" resultType="com.isimpo.tech.framework.applet.auto.entity.resound.strategy.StrategyVo">
        SELECT
        DISTINCT cs.id,
        cs.title,
        cs.cover,
        cs.state,
        cs.set_out AS setOut,
        cs.days,
        cs.cost,
        cs.companion,
        cs.source,
        cs.author,
        cs.add_time AS addTime,
        cs.top_flag AS topFlag,
        (CASE WHEN cm.talent_flag='1' THEN '1' ELSE '0' END) AS talentFlag,
        (SELECT COUNT(1) FROM tra_laud_record WHERE del_flag = '0' AND main_id = cs.id) AS praiseNum,
        (CASE WHEN
        cs.source = '1' THEN ue.real_name
        WHEN IFNULL(cwu.nick_name, '') = '' THEN cm.name
        ELSE cwu.nick_name END) AS nickName,
        (CASE WHEN cs.source='1' THEN ue.pic ELSE cwu.photo END) AS photo
        FROM
        cont_strategy cs
        LEFT JOIN csr_member cm ON cm.id = cs.author AND cm.del_flag = '0'
        LEFT JOIN csr_memb_wechar cmw ON cmw.mem_id = cs.author AND cmw.del_flag = '0' AND cs.source='2'
        LEFT JOIN csr_wechar_user cwu ON cwu.id = cmw.wechar_id AND cwu.del_flag = '0'
        LEFT JOIN sys_user ue ON cs.author=ue.id AND cs.source='1'
        WHERE
        cs.del_flag = '0' AND cs.state = '1'
        <if test=" memId !=null and memId !='' ">
            AND cs.author = #{memId}
        </if>
        <if test="keyWord != null and keyWord != ''">
            and (cs.title like concat('%',#{keyWord},'%') or (ue.real_name like concat('%',#{keyWord},'%') or cwu.nick_name like concat('%',#{keyWord},'%') or cwu.nick_name like concat('%',#{keyWord},'%')) )
        </if>
        ORDER BY cs.top_flag DESC,cs.add_time DESC,cs.id
    </select>

    <!--根据id查询攻略详情-->
    <select id="getStrategyDetailById"
            resultType="com.isimpo.tech.framework.applet.auto.entity.resound.strategy.StrategyVo">
        SELECT DISTINCT cs.id,
                        cs.title,
                        cs.cover,
                        cs.state,
                        cs.set_out                                                                      AS setOut,
                        cs.days,
                        cs.cost,
                        cs.companion,
                        cs.source,
                        cs.author,
                        cs.add_time                                                                     AS addTime,
                        cs.content,
                        cs.summary,
                        (CASE WHEN cm.talent_flag = '1' THEN '1' ELSE '0' END)                          AS talentFlag,
                        (SELECT COUNT(1) FROM tra_laud_record WHERE del_flag = '0' AND main_id = cs.id) AS praiseNum,
                        (CASE
                             WHEN cs.source = '1' THEN ue.real_name
                             WHEN IFNULL(cwu.nick_name, '') = '' THEN cm.name
                             ELSE cwu.nick_name END)                                                    AS nickName,
                        (CASE WHEN cs.source = '1' THEN ue.pic ELSE cwu.photo END)                      AS photo
        FROM cont_strategy cs
                 LEFT JOIN csr_member cm ON cm.id = cs.author AND cm.del_flag = '0'
                 LEFT JOIN csr_memb_wechar cmw ON cmw.mem_id = cs.author AND cmw.del_flag = '0' AND cs.source = '2'
                 LEFT JOIN csr_wechar_user cwu ON cwu.id = cmw.wechar_id AND cwu.del_flag = '0'
                 LEFT JOIN sys_user ue ON cs.author = ue.id AND cs.source = '1'
        WHERE cs.del_flag = '0'
          AND cs.state = '1'
          AND cs.id = #{id}
    </select>


    <!--根据攻略id查询点赞记录列表-->
    <select id="listPraiseRecordById"
            resultType="com.isimpo.tech.framework.applet.auto.entity.onroad.timememory.PraiseRecordVo">
        SELECT tlr.id,
               tlr.main_id  AS mainId,
               tlr.mem_id   AS memId,
               tlr.type,
               tlr.add_time AS addTime,
               (CASE
                    WHEN IFNULL(cwu.nick_name, '') != '' THEN cwu.nick_name
                    WHEN IFNULL(cm.name, '') != '' THEN cm.name
                    ELSE '游客'
                   END)     AS nickName,
               cwu.photo
        FROM tra_laud_record tlr
                 LEFT JOIN csr_wechar_user cwu ON cwu.id = tlr.mem_id AND cwu.del_flag = '0'
                 LEFT JOIN csr_memb_wechar cmw ON cmw.wechar_id = tlr.mem_id AND cmw.del_flag = '0'
                 LEFT JOIN csr_member cm ON cm.id = cmw.mem_id AND cm.del_flag = '0'
        WHERE tlr.del_flag = '0'
          AND tlr.type = '3'
          AND tlr.main_id = #{mainId}
        ORDER BY tlr.add_time DESC
    </select>

    <!--根据攻略id查询评论列表-->
    <select id="listCommentById"
            resultType="com.isimpo.tech.framework.applet.auto.entity.onroad.timememory.CommentVo">
        SELECT tc.id,
               tc.mem_id      AS memId,
               tc.main_id     AS mainId,
               tc.content,
               (CASE
                    WHEN IFNULL(cwu.nick_name, '') != '' THEN cwu.nick_name
                    WHEN IFNULL(cm.name, '') != '' THEN cm.name
                    ELSE '游客'
                   END)  AS nickName,
               (CASE
                    WHEN tc.comment_id IS NULL THEN NULL
                    WHEN IFNULL(cwu2.nick_name, '') != '' THEN cwu2.nick_name
                    WHEN IFNULL(cm2.name, '') != '' THEN cm2.name
                    ELSE '游客'
                   END) AS replyNickName
        FROM tra_comment tc
                 LEFT JOIN csr_wechar_user cwu ON cwu.id = tc.mem_id AND cwu.del_flag = '0'
                 LEFT JOIN csr_memb_wechar cmw ON cmw.wechar_id = tc.mem_id AND cmw.del_flag = '0'
                 LEFT JOIN csr_member cm ON cm.id = cmw.mem_id AND cm.del_flag = '0'
                 LEFT JOIN csr_wechar_user cwu2 ON cwu2.id = tc.comment_id AND cwu2.del_flag = '0'
                 LEFT JOIN csr_memb_wechar cmw2 ON cmw2.wechar_id = tc.comment_id AND cmw2.del_flag = '0'
                 LEFT JOIN csr_member cm2 ON cm2.id = cmw2.mem_id AND cm2.del_flag = '0'
        WHERE tc.del_flag = '0'
          AND tc.type = '3'
          AND tc.main_id = #{mainId}
        ORDER BY tc.add_time DESC
    </select>

    <!--增加点赞记录-->
    <insert id="addPraiseRecord">
        INSERT INTO tra_laud_record(id,
                                    main_id,
                                    mem_id,
                                    type,
                                    del_flag,
                                    add_time,
                                    add_user_id,
                                    upd_time,
                                    upd_user_id)
        VALUES (#{id},
                #{mainId},
                #{memId},
                3,
                0,
                NOW(),
                #{addUserId},
                NOW(),
                #{updUserId})
    </insert>

    <!--物理删除点赞记录-->
    <delete id="delPraiseRecord">
        DELETE
        FROM tra_laud_record
        WHERE main_id = #{mainId}
          AND mem_id = #{memId}
    </delete>

    <!--添加行程游记-->
    <insert id="addStrategy">
        INSERT INTO cont_strategy(id,
                                  title,
                                  cover,
                                  state,
                                  set_out,
                                  days,
                                  cost,
                                  companion,
                                  summary,
                                  content,
                                  source,
                                  author,
                                  top_flag,
                                  del_flag,
                                  add_time,
                                  add_user_id,
                                  upd_time,
                                  upd_user_id)
        VALUES (#{id},
                #{title},
                #{cover},
                #{state},
                #{setOut},
                #{days},
                #{cost},
                #{companion},
                #{summary},
                #{content},
                #{source},
                #{author},
                0,
                0,
                Now(),
                #{addUserId},
                Now(),
                #{updUserId})
    </insert>

    <!--检查用户是否已点赞-->
    <select id="checkPraise" resultType="int">
        SELECT COUNT(1)
        FROM tra_laud_record
        WHERE mem_id = #{memId}
          AND main_id = #{mainId}
          AND del_flag = 0
          AND type = 3
    </select>

    <!--添加评论-->
    <insert id="addComment">
        INSERT INTO tra_comment(id,
                                main_id,
                                mem_id,
                                comment_id,
                                type,
                                content,
                                del_flag,
                                add_time,
                                add_user_id,
                                upd_time,
                                upd_user_id)
        VALUES (#{id},
                #{mainId},
                #{memId},
                #{commentId},
                3,
                #{content},
                0,
                NOW(),
                #{addUserId},
                NOW(),
                #{updUserId})
    </insert>


    <!--删除评论-->
    <update id="delComment">
        UPDATE tra_comment
        SET del_flag    = 1,
            upd_user_id = #{updUserId},
            upd_time    = NOW()
        WHERE id = #{id}
    </update>

    <!--检查攻略是否存在-->
    <select id="checkExist" resultType="int">
        SELECT COUNT(1)
        FROM cont_strategy
        WHERE author = #{memId}
          AND del_flag = '0'
    </select>

</mapper>
