<?xml version="1.0" encoding="UTF-8" ?>
<!DOCTYPE mapper
        PUBLIC "-//mybatis.org//DTD Mapper 3.0//EN"
        "http://mybatis.org/dtd/mybatis-3-mapper.dtd">
<mapper namespace="com.isimpo.tech.framework.applet.auto.mapper.resound.TraTravelerTalkMapper">

    <!--逻辑删除旅咖说-->
    <update id="delTraTalk">
        UPDATE tra_traveler_talk
        SET del_flag    = 1,
            upd_user_id = #{updUserId},
            upd_time    = NOW()
        WHERE id = #{id}
    </update>

    <!--查询旅咖说列表-->
    <select id="getTraTalkList" resultType="com.isimpo.tech.framework.applet.auto.entity.resound.TraTravelerTalk">
        SELECT
        ttt.id,
        ttt.mem_id AS memId,
        ttt.title,
        ttt.digest,
        ttt.cover,
        ttt.state,
        ttt.video_path AS videoPath,
        ttt.screenshot,
        ttt.note,
        ttt.type,
        ttt.add_time AS addTime,
        (CASE WHEN ttt.type='1' THEN ue.real_name WHEN IFNULL(cwu.nick_name,'')='' THEN cm.name ELSE cwu.nick_name END)
        AS nickName,
        (CASE WHEN ttt.type='1' THEN ue.pic ELSE cwu.photo END) AS photo
        FROM
        tra_traveler_talk ttt
        LEFT JOIN csr_memb_wechar cmw ON cmw.mem_id = ttt.mem_id AND cmw.del_flag = '0' AND ttt.type = '2'
        LEFT JOIN csr_wechar_user cwu ON cwu.id = cmw.wechar_id AND cwu.del_flag = '0'
        LEFT JOIN csr_member cm ON cm.id = ttt.mem_id AND cm.del_flag = '0'
        LEFT JOIN sys_user ue ON ttt.mem_id=ue.id AND ttt.type='1' AND ue.del_flag = '0'
        WHERE
        ttt.del_flag = '0'
        <if test=" memId !=null and memId !='' ">
            AND ttt.mem_id = #{memId}
        </if>
        ORDER BY ttt.add_time DESC,id
    </select>

    <!--根据id查询旅咖说详情-->
    <select id="getTraTalkDetail" resultType="com.isimpo.tech.framework.applet.auto.entity.resound.TraTravelerTalk">
        SELECT ttt.id,
               ttt.mem_id                                                AS memId,
               ttt.title,
               ttt.digest,
               ttt.cover,
               ttt.state,
               ttt.video_path                                            AS videoPath,
               ttt.screenshot,
               ttt.note,
               ttt.type,
               ttt.add_time                                              AS addTime,
               (CASE
                    WHEN ttt.type = '1' THEN ue.real_name
                    WHEN IFNULL(cwu.nick_name, '') = '' THEN cm.name
                    ELSE cwu.nick_name END)                              AS nickName,
               (CASE WHEN ttt.type = '1' THEN ue.pic ELSE cwu.photo END) AS photo
        FROM tra_traveler_talk ttt
                 LEFT JOIN csr_memb_wechar cmw ON cmw.mem_id = ttt.mem_id AND cmw.del_flag = '0' AND ttt.type = '2'
                 LEFT JOIN csr_wechar_user cwu ON cwu.id = cmw.wechar_id AND cwu.del_flag = '0'
                 LEFT JOIN sys_user ue ON ttt.mem_id = ue.id AND ttt.type = '1' AND ue.del_flag = '0'
                 LEFT JOIN csr_member cm ON cm.id = ttt.mem_id AND cm.del_flag = '0'
        WHERE ttt.del_flag = '0'
          AND ttt.id = #{id}
    </select>

    <!--查询点赞记录列表-->
    <select id="listPraiseRecord"
            resultType="com.isimpo.tech.framework.applet.auto.entity.onroad.timememory.PraiseRecordVo">
        SELECT
        DISTINCT tlr.id,
        tlr.main_id AS mainId,
        tlr.mem_id AS memId,
        tlr.type,
        tlr.add_time AS addTime,
        (CASE WHEN IFNULL(cwu.nick_name,'')!='' THEN cwu.nick_name
        WHEN IFNULL(cm.name,'') !='' THEN cm.name
        ELSE '游客'
        END) AS nickName,
        cwu.photo
        FROM
        tra_laud_record tlr
        LEFT JOIN csr_wechar_user cwu ON cwu.id = tlr.mem_id AND cwu.del_flag = '0'
        LEFT JOIN csr_memb_wechar cmw ON cmw.wechar_id = tlr.mem_id AND cmw.del_flag = '0'
        LEFT JOIN csr_member cm ON cm.id = cmw.mem_id AND cm.del_flag = '0'
        WHERE
        tlr.del_flag = '0' AND tlr.type = '2'
        AND
        tlr.main_id IN
        <foreach collection="list" item="item" index="index" open="(" separator="," close=")">
            #{item.id}
        </foreach>
        ORDER BY
        tlr.add_time DESC
    </select>

    <!--根据旅咖说id查询点赞记录列表-->
    <select id="listPraiseRecordById"
            resultType="com.isimpo.tech.framework.applet.auto.entity.onroad.timememory.PraiseRecordVo">
        SELECT DISTINCT tlr.id,
                        tlr.main_id  AS mainId,
                        tlr.mem_id   AS memId,
                        tlr.type,
                        tlr.add_time AS addTime,
                        (CASE
                             WHEN IFNULL(cwu.nick_name, '') != '' THEN cwu.nick_name
                             WHEN IFNULL(cm.name, '') != '' THEN cm.name
                             ELSE '游客'
                            END)     AS nickName,
                        cwu.photo
        FROM tra_laud_record tlr
                 LEFT JOIN csr_wechar_user cwu ON cwu.id = tlr.mem_id AND cwu.del_flag = '0'
                 LEFT JOIN csr_memb_wechar cmw ON cmw.wechar_id = tlr.mem_id AND cmw.del_flag = '0'
                 LEFT JOIN csr_member cm ON cm.id = cmw.mem_id AND cm.del_flag = '0'
        WHERE tlr.del_flag = '0'
          AND tlr.type = '2'
          AND tlr.main_id = #{mainId}
        ORDER BY tlr.add_time DESC
    </select>

    <!--查询评论列表-->
    <select id="listComment"
            resultType="com.isimpo.tech.framework.applet.auto.entity.onroad.timememory.CommentVo">
        SELECT
        DISTINCT tc.id,
        tc.mem_id AS memId,
        tc.main_id AS mainId,
        tc.add_time AS addTime,
        tc.content,
        (CASE WHEN IFNULL(cwu.nick_name,'')!='' THEN cwu.nick_name
        WHEN IFNULL(cm.name,'') !='' THEN cm.name
        ELSE '游客'
        END) AS nickName,
        (CASE
        WHEN tc.comment_id IS NULL THEN NULL
        WHEN IFNULL(cwu2.nick_name,'')!='' THEN cwu2.nick_name
        WHEN IFNULL(cm2.name,'') !='' THEN cm2.name
        ELSE '游客'
        END) AS replyNickName
        FROM
        tra_comment tc
        LEFT JOIN csr_wechar_user cwu ON cwu.id = tc.mem_id AND cwu.del_flag = '0'
        LEFT JOIN csr_memb_wechar cmw ON cmw.wechar_id = tc.mem_id AND cmw.del_flag = '0'
        LEFT JOIN csr_member cm ON cm.id = cmw.mem_id AND cm.del_flag = '0'
        LEFT JOIN csr_wechar_user cwu2 ON cwu2.id = tc.comment_id AND cwu2.del_flag = '0'
        LEFT JOIN csr_memb_wechar cmw2 ON cmw2.wechar_id = tc.comment_id AND cmw2.del_flag = '0'
        LEFT JOIN csr_member cm2 ON cm2.id = cmw2.mem_id AND cm2.del_flag = '0'
        WHERE
        tc.del_flag = '0' AND tc.type='2'
        AND
        tc.main_id IN
        <foreach collection="list" item="item" index="index" open="(" separator="," close=")">
            #{item.id}
        </foreach>
        ORDER BY
        tc.add_time DESC
    </select>

    <!--根据旅咖说id查询评论列表-->
    <select id="listCommentById"
            resultType="com.isimpo.tech.framework.applet.auto.entity.onroad.timememory.CommentVo">
        SELECT DISTINCT tc.id,
                        tc.mem_id   AS memId,
                        tc.main_id  AS mainId,
                        tc.content,
                        tc.add_time AS addTime,
                        (CASE
                             WHEN IFNULL(cwu.nick_name, '') != '' THEN cwu.nick_name
                             WHEN IFNULL(cm.name, '') != '' THEN cm.name
                             ELSE '游客'
                            END)    AS nickName,
                        (CASE
                             WHEN tc.comment_id IS NULL THEN NULL
                             WHEN IFNULL(cwu2.nick_name, '') != '' THEN cwu2.nick_name
                             WHEN IFNULL(cm2.name, '') != '' THEN cm2.name
                             ELSE '游客'
                            END)    AS replyNickName
        FROM tra_comment tc
                 LEFT JOIN csr_wechar_user cwu ON cwu.id = tc.mem_id AND cwu.del_flag = '0'
                 LEFT JOIN csr_memb_wechar cmw ON cmw.wechar_id = tc.mem_id AND cmw.del_flag = '0'
                 LEFT JOIN csr_member cm ON cm.id = cmw.mem_id AND cm.del_flag = '0'
                 LEFT JOIN csr_wechar_user cwu2 ON cwu2.id = tc.comment_id AND cwu2.del_flag = '0'
                 LEFT JOIN csr_memb_wechar cmw2 ON cmw2.wechar_id = tc.comment_id AND cmw2.del_flag = '0'
                 LEFT JOIN csr_member cm2 ON cm2.id = cmw2.mem_id AND cm2.del_flag = '0'
        WHERE tc.del_flag = '0'
          AND tc.type = '2'
          AND tc.main_id = #{mainId}
        ORDER BY tc.add_time DESC
    </select>

    <!--增加点赞记录-->
    <insert id="addPraiseRecord">
        INSERT INTO tra_laud_record(id,
                                    main_id,
                                    mem_id,
                                    type,
                                    del_flag,
                                    add_time,
                                    add_user_id,
                                    upd_time,
                                    upd_user_id)
        VALUES (#{id},
                #{mainId},
                #{memId},
                2,
                0,
                NOW(),
                #{addUserId},
                NOW(),
                #{updUserId})
    </insert>

    <!--物理删除点赞记录-->
    <delete id="delPraiseRecord">
        DELETE
        FROM tra_laud_record
        WHERE main_id = #{mainId}
          AND mem_id = #{memId}
    </delete>

    <!--添加行程游记-->
    <insert id="addTraTalk">
        INSERT INTO tra_traveler_talk(id,
                                      mem_id,
                                      title,
                                      digest,
                                      cover,
                                      state,
                                      video_path,
                                      screenshot,
                                      note,
                                      type,
                                      del_flag,
                                      add_time,
                                      add_user_id,
                                      upd_time,
                                      upd_user_id)
        VALUES (#{id},
                #{memId},
                #{title},
                #{digest},
                #{cover},
                #{state},
                #{videoPath},
                #{screenshot},
                #{note},
                #{type},
                0,
                Now(),
                #{addUserId},
                Now(),
                #{updUserId})
    </insert>

    <!--检查用户是否已点赞-->
    <select id="checkPraise" resultType="int">
        SELECT COUNT(1)
        FROM tra_laud_record
        WHERE mem_id = #{memId}
          AND main_id = #{mainId}
          AND del_flag = 0
          AND type = 2
    </select>

    <!--添加评论-->
    <insert id="addComment">
        INSERT INTO tra_comment(id,
                                main_id,
                                mem_id,
                                comment_id,
                                type,
                                content,
                                del_flag,
                                add_time,
                                add_user_id,
                                upd_time,
                                upd_user_id)
        VALUES (#{id},
                #{mainId},
                #{memId},
                #{commentId},
                2,
                #{content},
                0,
                NOW(),
                #{addUserId},
                NOW(),
                #{updUserId})
    </insert>

    <!--删除评论-->
    <update id="delComment">
        UPDATE tra_comment
        SET del_flag    = 1,
            upd_user_id = #{updUserId},
            upd_time    = NOW()
        WHERE id = #{id}
    </update>
</mapper>
