<?xml version="1.0" encoding="UTF-8"?>
<!DOCTYPE mapper PUBLIC "-//mybatis.org//DTD Mapper 3.0//EN" "http://mybatis.org/dtd/mybatis-3-mapper.dtd">
<mapper namespace="com.isimpo.tech.framework.admin.auto.mapper.content.homePage.ContIndexMapper">
    <resultMap id="BaseResultMap" type="com.isimpo.tech.framework.admin.auto.entity.content.homePage.ContIndex">
        <!--
          WARNING - @mbg.generated
        -->
        <id column="id" jdbcType="CHAR" property="id"/>
        <result column="type" jdbcType="CHAR" property="type"/>
        <result column="main_id" jdbcType="CHAR" property="mainId"/>
        <result column="del_flag" jdbcType="CHAR" property="delFlag"/>
        <result column="add_time" jdbcType="TIMESTAMP" property="addTime"/>
        <result column="add_user_id" jdbcType="VARCHAR" property="addUserId"/>
        <result column="add_mark" jdbcType="VARCHAR" property="addMark"/>
        <result column="upd_time" jdbcType="TIMESTAMP" property="updTime"/>
        <result column="upd_user_id" jdbcType="VARCHAR" property="updUserId"/>
        <result column="upd_mark" jdbcType="VARCHAR" property="updMark"/>
    </resultMap>

    <resultMap id="BaseMap" type="com.isimpo.tech.framework.admin.auto.entity.content.wayMng.WayMng">
        <!--
          WARNING - @mbg.generated
        -->
        <id column="id" jdbcType="CHAR" property="id" />
        <result column="title" jdbcType="VARCHAR" property="title" />
        <result column="stroke" jdbcType="VARCHAR" property="stroke" />
        <result column="chara" jdbcType="VARCHAR" property="chara" />
        <result column="days" jdbcType="INTEGER" property="days" />
        <result column="cost" jdbcType="DECIMAL" property="cost" />
        <result column="state" jdbcType="CHAR" property="state" />
        <result column="cover" jdbcType="VARCHAR" property="cover" />
        <result column="summary" jdbcType="VARCHAR" property="summary" />
        <result column="del_flag" jdbcType="CHAR" property="delFlag" />
        <result column="add_time" jdbcType="TIMESTAMP" property="addTime" />
        <result column="add_user_id" jdbcType="VARCHAR" property="addUserId" />
        <result column="add_mark" jdbcType="VARCHAR" property="addMark" />
        <result column="upd_time" jdbcType="TIMESTAMP" property="updTime" />
        <result column="upd_user_id" jdbcType="VARCHAR" property="updUserId" />
        <result column="upd_mark" jdbcType="VARCHAR" property="updMark" />
        <result column="content" jdbcType="LONGVARCHAR" property="content" />
        <result column="file_path" jdbcType="LONGVARCHAR" property="filePath" />

        <collection property="customize" javaType="list" ofType="com.isimpo.tech.framework.admin.auto.entity.content.wayMng.RouteCust">
            <!-- 配置主键，是关联Order的唯一标识 -->
            <id property="id" column="cid" />
            <result property="dicId" column="dicId" />
            <result property="label" column="label" />
            <result property="value" column="value" />
            <result property="description" column="description" />
        </collection>

    </resultMap>

    <!--推荐管家-->
    <select id="getIndexHkList" resultType="com.isimpo.tech.framework.admin.auto.entity.SysHousekeeper">
        SELECT ci.id,cm.`name`,ch.cover,cm.phone,cm.gender,cm.birthday
        from cont_index ci
                 LEFT JOIN csr_housekeeper ch ON ci.main_id = ch.id
                 LEFT JOIN csr_member cm ON cm.id = ch.mem_id
        WHERE ci.type = '1'
          AND ci.del_flag = '0'
        ORDER BY ci.add_time DESC
    </select>

    <!--&lt;!&ndash;精品路线&ndash;&gt;-->
    <!--<select id="getIndexRouteList" resultType="com.isimpo.tech.framework.admin.auto.entity.content.wayMng.WayMng">-->
        <!--SELECT ci.id,cr.title,cr.cover,cr.stroke,cr.chara,cr.state-->
        <!--FROM cont_index ci-->
        <!--LEFT JOIN cont_route cr ON cr.id = ci.main_id-->
        <!--WHERE ci.type = '2'-->
        <!--AND ci.del_flag = '0'-->
        <!--ORDER BY ci.upd_time DESC-->
    <!--</select>-->


    <!--精品路线-->
    <select id="getIndexRouteList" resultMap="BaseMap" parameterType="com.isimpo.tech.framework.admin.auto.entity.content.wayMng.WayMng">
        SELECT ci.id,
        cr.title,
        cr.stroke,
        cr.chara,
        cr.days,cr.cost,
        cr.state,cr.cover,
        cr.summary,cr.del_flag,
        cr.add_time,cr.add_user_id,
        cr.upd_time,
        cr.upd_user_id,
        cr.content,
        cr.file_path,
        crc.id cid,
        crc.dic_id dicId,
        sd.label,
        sd.`value`,
        sd.type,
        sd.description
        FROM cont_index ci
        LEFT JOIN cont_route cr ON cr.id = ci.main_id
        LEFT JOIN cont_route_cust crc ON  crc.route_id=cr.id
        LEFT JOIN sys_dict sd ON sd.id=crc.dic_id
        WHERE  cr.del_flag = '0'
        AND ci.type = '2'
        AND ci.del_flag = '0'
        ORDER BY ci.add_time desc
    </select>

    <!--精选文章-->
    <select id="getIndexArticleList"
            resultType="com.isimpo.tech.framework.admin.auto.entity.content.formerlyarticles.FormerlyArticles">
        SELECT ci.id,ca.title,ca.cover,ca.content_source_url contentSourceUrl,ca.state
        FROM cont_index ci
                 LEFT JOIN cont_article ca
                           ON ca.id = ci.main_id
        WHERE ci.type = '3'
          AND ci.del_flag = '0'
        ORDER BY ci.add_time DESC
    </select>


    <!--旅咖说-->
    <select id="getIndexTraverlerTalkList"
            resultType="com.isimpo.tech.framework.admin.auto.entity.content.tratravelertalk.TratRavelerTalk">
        SELECT ci.id,ttt.title,ttt.digest,ttt.video_path videoPath,ttt.state
        FROM cont_index ci
                 LEFT JOIN tra_traveler_talk ttt
                           ON ttt.id = ci.main_id
        WHERE ci.del_flag = '0'
          AND ci.type = '4'
        ORDER BY ci.add_time DESC
    </select>

    <!--已推荐攻略列表-->
    <select id="listRecommentedStrategy"
            resultType="com.isimpo.tech.framework.admin.auto.entity.content.homePage.RecommentStrategyVo">
               SELECT ci.id       AS cId,
               ci.type,
               ci.main_id  AS id,
               cs.title,
               cs.cover,
               cs.source,
               cs.author,
               (
                   CASE cs.source
                       WHEN '1' THEN su.real_name
                       ELSE IFNULL(cwu.nick_name,cm.`name`)
                       END
                   )       AS authorName,
               cs.add_time AS addTime,
               cs.state
        FROM cont_index ci
                 LEFT JOIN cont_strategy cs ON cs.id = ci.main_id AND cs.del_flag = 0 AND cs.state = '1'
                 LEFT JOIN sys_user su ON su.id = cs.author AND su.del_flag = 0
                 LEFT JOIN csr_member cm ON cm.id = cs.author AND cm.del_flag = 0
				 LEFT JOIN  csr_memb_wechar cmw on cm.id=cmw.mem_id
				 LEFT JOIN csr_wechar_user cwu  ON cmw.wechar_id=cwu.id
        WHERE ci.del_flag = 0
          AND ci.type = '5'
       ORDER BY ci.add_time DESC
    </select>

    <!--待推荐列表-->
    <select id="listStrategy"
            resultType="com.isimpo.tech.framework.admin.auto.entity.content.homePage.RecommentStrategyVo">
        SELECT cs.id,
        cs.title,
        cs.cover,
        cs.source,
        cs.author,
        (
        CASE cs.source
        WHEN '1' THEN su.real_name
        ELSE cm.`name`
        END
        ) AS authorName,
        cs.add_time AS addTime,
        cs.state
        FROM cont_strategy cs
        LEFT JOIN sys_user su ON su.id = cs.author AND su.del_flag = 0
        LEFT JOIN csr_member cm ON cm.id = cs.author AND cm.del_flag = 0
        WHERE cs.id NOT IN (
        SELECT main_id
        FROM cont_index
        WHERE type = '5'
        AND del_flag = 0
        )
        AND cs.del_flag = 0
        <if test="title != null and title != ''">
            AND cs.title LIKE CONCAT('%',#{title},'%')
        </if>
        <if test="authorName != null and authorName != ''">
            AND ((cs.source = '1' AND su.real_name LIKE CONCAT('%',#{authorName},'%'))
            OR (cs.source = '2' AND cm.name LIKE CONCAT('%',#{authorName},'%')))
        </if>
        <if test="source != null and source != ''">
            AND cs.source = #{source}
        </if>
        <if test="state != null and state != ''">
            AND cs.state = #{state}
        </if>
        ORDER BY cs.add_time DESC
    </select>
</mapper>
