<?xml version="1.0" encoding="UTF-8"?>
<!DOCTYPE mapper PUBLIC "-//mybatis.org//DTD Mapper 3.0//EN" "http://mybatis.org/dtd/mybatis-3-mapper.dtd">
<mapper namespace="com.isimpo.tech.framework.admin.auto.mapper.content.homePage.IndexPicMapper">
  <resultMap id="BaseResultMap" type="com.isimpo.tech.framework.admin.auto.entity.content.homePage.IndexPic">
    <!--
      WARNING - @mbg.generated
    -->
    <id column="id" jdbcType="CHAR" property="id" />
    <result column="name" jdbcType="VARCHAR" property="name" />
    <result column="url_path" jdbcType="VARCHAR" property="urlPath" />
    <result column="thumbnail" jdbcType="VARCHAR" property="thumbnail" />
    <result column="path" jdbcType="VARCHAR" property="path" />
    <result column="del_flag" jdbcType="CHAR" property="delFlag" />
    <result column="add_time" jdbcType="TIMESTAMP" property="addTime" />
    <result column="add_user_id" jdbcType="VARCHAR" property="addUserId" />
    <result column="add_mark" jdbcType="VARCHAR" property="addMark" />
    <result column="upd_time" jdbcType="TIMESTAMP" property="updTime" />
    <result column="upd_user_id" jdbcType="VARCHAR" property="updUserId" />
    <result column="upd_mark" jdbcType="VARCHAR" property="updMark" />
  </resultMap>
</mapper>
