<?xml version="1.0" encoding="UTF-8"?>
<!DOCTYPE mapper PUBLIC "-//mybatis.org//DTD Mapper 3.0//EN" "http://mybatis.org/dtd/mybatis-3-mapper.dtd">
<mapper namespace="com.isimpo.tech.framework.admin.auto.mapper.content.order.CsrOrderMapper">
  <resultMap id="BaseResultMap" type="com.isimpo.tech.framework.admin.auto.entity.content.order.CsrOrder">
    <!--
      WARNING - @mbg.generated
    -->
    <id column="id" jdbcType="CHAR" property="id" />
    <result column="route_id" jdbcType="CHAR" property="routeId" />
    <result column="order_no" jdbcType="VARCHAR" property="orderNo" />
    <result column="amunt" jdbcType="INTEGER" property="amunt" />
    <result column="price" jdbcType="DECIMAL" property="price" />
    <result column="money" jdbcType="DECIMAL" property="money" />
    <result column="note" jdbcType="VARCHAR" property="note" />
    <result column="name" jdbcType="VARCHAR" property="name" />
    <result column="phone" jdbcType="VARCHAR" property="phone" />
    <result column="email" jdbcType="VARCHAR" property="email" />
    <result column="mem_id" jdbcType="CHAR" property="memId" />
    <result column="order_time" jdbcType="TIMESTAMP" property="orderTime" />
    <result column="pay_state" jdbcType="CHAR" property="payState" />
    <result column="state" jdbcType="CHAR" property="state" />
    <result column="del_flag" jdbcType="CHAR" property="delFlag" />
    <result column="add_time" jdbcType="TIMESTAMP" property="addTime" />
    <result column="add_user_id" jdbcType="VARCHAR" property="addUserId" />
    <result column="add_mark" jdbcType="VARCHAR" property="addMark" />
    <result column="upd_time" jdbcType="TIMESTAMP" property="updTime" />
    <result column="upd_user_id" jdbcType="VARCHAR" property="updUserId" />
    <result column="upd_mark" jdbcType="VARCHAR" property="updMark" />
  </resultMap>

  <select id="findList" resultType="com.isimpo.tech.framework.admin.auto.entity.content.order.CsrOrder">
    SELECT
        a.id,
        a.route_id AS routeId,
        a.order_no AS orderNo,
        a.amunt AS amunt,
        a.price AS price,
        a.money AS money,
        a.note AS note,
        a.name AS name,
        a.phone AS phone,
        a.email AS email,
        a.mem_id AS memId,
        a.order_time AS orderTime,
        a.pay_state AS payState,
        a.state AS state,
        cr.title AS title,
        cm.`name` AS memName,
        d.label AS orderState
    FROM
        csr_order a
      LEFT JOIN cont_route cr on cr.id = a.route_id and cr.del_flag='0'
      LEFT JOIN csr_member cm on cm.id = a.mem_id and cm.del_flag='0'
      LEFT JOIN sys_dict d on d.`value` = a.state and d.type='order_state' and d.del_flag='0'
      WHERE
        a.del_flag = '0'
        <if test="orderNo != null and orderNo != '' ">
          AND a.order_no LIKE CONCAT('%', #{orderNo}, '%')
        </if>
        <if test="routeId != null and routeId != '' ">
          AND a.route_id = #{routeId}
        </if>
        <if test="name != null and name != '' ">
          AND a.name LIKE CONCAT('%', #{name}, '%')
        </if>
        <if test="phone != null and phone != '' ">
          AND a.phone LIKE CONCAT('%', #{phone}, '%')
        </if>
        <if test="payState != null and payState != '' ">
          AND a.pay_state =#{payState}
        </if>
        <if test="state != null and state != '' ">
          AND a.state =#{state}
        </if>
        <if test="startTime != null and startTime != ''">
          AND a.order_time &gt;= CONCAT(#{startTime},' 00:00:00')
        </if>
        <if test="endTime != null and endTime != ''">
          AND a.order_time &lt;= CONCAT(#{endTime},' 23:59:59')
        </if>
    ORDER BY
        a.add_time DESC
  </select>

  <select id="selectById" resultType="com.isimpo.tech.framework.admin.auto.entity.content.order.CsrOrder">
      SELECT
          a.id,
          a.route_id AS routeId,
          a.order_no AS orderNo,
          a.amunt AS amunt,
          a.price AS price,
          a.money AS money,
          a.note AS note,
          a.name AS name,
          a.phone AS phone,
          a.email AS email,
          a.mem_id AS memId,
          a.order_time AS orderTime,
          a.pay_state AS payState,
          a.state AS state,
          cr.title AS title,
          cm.`name` AS memName,
          d.label AS orderState,
          cr.start_date AS startDate,
          cr.end_date AS endDate,
          IFNULL(cr.plan_amount,0) AS planAmount,
          IFNULL(cr.real_amount,0) AS realAmount
      FROM
        csr_order a
      LEFT JOIN cont_route cr on cr.id = a.route_id and cr.del_flag='0'
      LEFT JOIN csr_member cm on cm.id = a.mem_id and cm.del_flag='0'
      LEFT JOIN sys_dict d on d.`value` = a.state and d.type='order_state' and d.del_flag='0'
        WHERE
          a.del_flag = '0'
          and a.id = #{id}
        ORDER BY
        a.add_time DESC
  </select>

  <select id="getCsrOrderList" resultType="com.isimpo.tech.framework.admin.auto.entity.content.order.CsrOrder">
        SELECT
            a.id,
            a.route_id AS routeId,
            a.order_no AS orderNo,
            a.amunt AS amunt,
            a.price AS price,
            a.money AS money,
            a.note AS note,
            a. NAME AS NAME,
            a.phone AS phone,
            a.email AS email,
            a.mem_id AS memId,
            a.order_time AS orderTime,
            a.pay_state AS payState,
            a.state AS state,
            cr.title AS title,
            cr.start_date AS startDate,
            cr.end_date AS endDate,
            cr.plan_amount AS planAmount,
            cr.real_amount AS realAmount,
            cr.recruit_state AS recruitState
        FROM
            csr_order a
        LEFT JOIN cont_route cr ON cr.id = a.route_id
        AND cr.del_flag = '0'
        WHERE
            a.del_flag = '0'
            and a.pay_state = '1'
        ORDER BY
            a.add_time DESC
  </select>

  <select id="getRouteList" resultType="com.isimpo.tech.framework.admin.auto.entity.content.wayMng.WayMng">
      SELECT
        cr.id,
        cr.title
      FROM
        `cont_route` cr
      WHERE
        cr.del_flag = '0'
      AND cr.state = '1'
      ORDER BY
        cr.add_time DESC
  </select>

  <update id="orderChange">
      <foreach collection="list" item="item" index="index" open="" close="" separator=";">
          UPDATE csr_order
          SET state = #{item.state}
          WHERE id = #{item.id}
      </foreach>
  </update>

  <update id="wayMngChange">
      <foreach collection="list" item="item" index="index" open="" close="" separator=";">
          UPDATE cont_route
          SET recruit_state = #{item.recruitState}
          WHERE id = #{item.id}
      </foreach>
  </update>

</mapper>