<?xml version="1.0" encoding="UTF-8"?>
<!DOCTYPE mapper PUBLIC "-//mybatis.org//DTD Mapper 3.0//EN" "http://mybatis.org/dtd/mybatis-3-mapper.dtd">
<mapper namespace="com.isimpo.tech.framework.admin.auto.mapper.travel.complain.ComplainMapper">
    <resultMap id="BaseResultMap" type="com.isimpo.tech.framework.admin.auto.entity.travel.complain.ComplainVo">
        <!--
          WARNING - @mbg.generated
        -->
        <id column="id" jdbcType="CHAR" property="id"/>
        <result column="mem_id" jdbcType="CHAR" property="memId"/>
        <result column="range_id" jdbcType="CHAR" property="rangeId"/>
        <result column="state" jdbcType="CHAR" property="state"/>
        <result column="content" jdbcType="VARCHAR" property="content"/>
        <result column="note" jdbcType="VARCHAR" property="note"/>
        <result column="del_flag" jdbcType="CHAR" property="delFlag"/>
        <result column="add_time" jdbcType="TIMESTAMP" property="addTime"/>
        <result column="add_user_id" jdbcType="VARCHAR" property="addUserId"/>
        <result column="add_mark" jdbcType="VARCHAR" property="addMark"/>
        <result column="upd_time" jdbcType="TIMESTAMP" property="updTime"/>
        <result column="upd_user_id" jdbcType="VARCHAR" property="updUserId"/>
        <result column="upd_mark" jdbcType="VARCHAR" property="updMark"/>
    </resultMap>

    <select id="listComplain" resultType="com.isimpo.tech.framework.admin.auto.entity.travel.complain.ComplainVo">
        SELECT tc.id,
        tc.mem_id AS memId,
        cm.name,
        tc.range_id AS rangeId,
        tb.name AS traName,
        tc.state,
        tc.content,
        tc.note,
        tc.add_time AS addTime,
        cwu.nick_name AS nickName,
        cm.gender,
        cm.birthday,
        cm.phone,
        cm.id_type AS idType,
        cm.id_num AS idNum,
        cm.source
        FROM tra_complain tc
        LEFT JOIN csr_member cm ON cm.id = tc.mem_id AND cm.del_flag = 0
        LEFT JOIN tra_base tb ON tb.id = tc.range_id AND tb.del_flag = 0
        LEFT JOIN csr_memb_wechar cmw ON cmw.mem_id = tc.mem_id AND cmw.del_flag = 0
        LEFT JOIN csr_wechar_user cwu ON cwu.id = cmw.wechar_id AND cwu.del_flag = 0
        WHERE
        tc.del_flag = 0
        <if test="name != null and name != ''">
            AND cm.name LIKE CONCAT('%',#{name},'%')
        </if>
        <if test="traName != null and traName != ''">
            AND tb.name LIKE CONCAT('%',#{traName},'%')
        </if>
        <if test="content != null and content != ''">
            AND tc.content LIKE CONCAT('%',#{content},'%')
        </if>
        <if test="state != null and state != ''">
            AND tc.state = #{state}
        </if>
        ORDER BY tc.add_time DESC
    </select>
</mapper>