<?xml version="1.0" encoding="UTF-8" ?>
<!DOCTYPE mapper
        PUBLIC "-//mybatis.org//DTD Mapper 3.0//EN"
        "http://mybatis.org/dtd/mybatis-3-mapper.dtd">
<mapper namespace="com.isimpo.tech.framework.admin.auto.mapper.systemmanage.CommentMapper">

    <!--获取评论列表-->
    <select id="listComments" resultType="com.isimpo.tech.framework.admin.auto.entity.systemmanage.CommentVo">
        SELECT tc.id, cm.name, tc.content, tc.add_time AS addTime
        FROM tra_comment tc
        LEFT JOIN csr_memb_wechar cmw ON cmw.wechar_id = tc.mem_id
        LEFT JOIN csr_member cm ON cmw.mem_id = cm.id AND cm.del_flag = 0
        WHERE tc.del_flag = 0
        <if test="name != null and name != ''">
            AND cm.name LIKE CONCAT('%',#{name},'%')
        </if>
        <if test="content != null and content != ''">
            AND tc.content LIKE CONCAT('%',#{content},'%')
        </if>
        ORDER BY tc.add_time DESC
    </select>

    <!--逻辑删除评论-->
    <update id="delComment">
        UPDATE tra_comment
        SET del_flag    = 1,
            upd_user_id = #{updUserId},
            upd_time    = NOW()
        WHERE id = #{id}
    </update>
</mapper>