<?xml version="1.0" encoding="UTF-8"?>
<!DOCTYPE mapper PUBLIC "-//mybatis.org//DTD Mapper 3.0//EN" "http://mybatis.org/dtd/mybatis-3-mapper.dtd">
<mapper namespace="com.isimpo.tech.framework.admin.auto.mapper.SysAreaMapper">
    <resultMap id="BaseResultMap" type="com.isimpo.tech.framework.admin.auto.entity.SysArea">
        <!--
          WARNING - @mbg.generated
        -->
        <id column="id" jdbcType="CHAR" property="id"/>
        <result column="parent_id" jdbcType="CHAR" property="parentId"/>
        <result column="parent_ids" jdbcType="VARCHAR" property="parentIds"/>
        <result column="name" jdbcType="VARCHAR" property="name"/>
        <result column="sort" jdbcType="INTEGER" property="sort"/>
        <result column="code" jdbcType="VARCHAR" property="code"/>
        <result column="type" jdbcType="CHAR" property="type"/>
        <result column="del_flag" jdbcType="CHAR" property="delFlag"/>
        <result column="add_time" jdbcType="TIMESTAMP" property="addTime"/>
        <result column="add_user_id" jdbcType="CHAR" property="addUserId"/>
        <result column="upd_time" jdbcType="TIMESTAMP" property="updTime"/>
        <result column="upd_user_id" jdbcType="CHAR" property="updUserId"/>
    </resultMap>

    <!--按type排序查询所有的地区 -->
    <select id="findList" resultType="com.isimpo.tech.framework.admin.auto.entity.SysArea">
        SELECT sa.id AS 'id',
        sa.id AS 'key',
        sa.parent_id AS 'parentId' ,
        sa.parent_ids AS 'parentIds',
        sa.name AS 'name',
        sa.sort AS 'sort',
        sa.code AS 'code',
        sa.type AS 'type',
        sd.label AS 'typeName'
        FROM sys_area sa LEFT JOIN sys_dict sd ON sa.type = sd.value AND sd.type='area_type' AND sd.del_flag='0'
        WHERE sa.del_flag = '0'
        ORDER BY sa.type ,sa.sort
    </select>

    <!--根据条件查询区域信息 -->
    <select id="searchList" resultType="com.isimpo.tech.framework.admin.auto.entity.SysArea">
        SELECT sa.id AS 'id',
        sa.id AS 'key',
        sa.parent_id AS 'parentId' ,
        sa.parent_ids AS 'parentIds',
        sa.name AS 'name',
        sa.sort AS 'sort',
        sa.code AS 'code',
        sa.type AS 'type',
        sd.label AS 'typeName'
        FROM sys_area sa LEFT JOIN sys_dict sd ON sa.type = sd.value AND sd.type='area_type' AND sd.del_flag='0'
        WHERE sa.del_flag = '0'
        <if test="(code == null or code == '') and (type == null or type == '')">
            AND sa.type='1'
        </if>
        <if test="type!=null and type!=''">
            AND sa.type = #{type}
        </if>
        <if test="code!=null and code!=''">
            AND sa.code = #{code}
        </if>
        ORDER BY sa.type ,sa.sort

    </select>
    <!--根据id删除地区及下属地区-->
    <update id="deleteSelfAndChildren">
        UPDATE sys_area
        SET del_flag    = #{delFlag},
            upd_user_id = #{updUserId},
            upd_time    = #{updTime}
        WHERE id = #{id} OR parent_ids LIKE CONCAT('%', #{id}, '%')
    </update>
    <!--更新地区信息-->
    <update id="updateSelfAndChildren">
        UPDATE sys_area
        SET name        = #{name},
            type        = #{type},
            code        = #{code},
            sort        = #{code},
            parent_id   = #{parentId},
            parent_ids = #{parentIds},
            upd_user_id = #{updUserId},
            upd_time    = #{updTime}        WHERE id = #{id}
    </update>

    <!--根据code查询区域数量-->
    <select id="checkCode" resultType="java.lang.Integer">
      SELECT  COUNT(id) FROM   sys_area WHERE   code = #{code} AND del_flag='0'
    </select>

    <!--根据id查询此地域有没有子集-->
    <select id="findCount" resultType="java.lang.Integer">
            SELECT COUNT(id) FROM sys_area WHERE del_flag='0' AND parent_id=#{id}
    </select>

    <select id="findChildList" resultType="com.isimpo.tech.framework.admin.auto.entity.SysArea">
        SELECT sa.id AS 'id',
        sa.id AS 'key',
        sa.parent_id AS 'parentId' ,
        sa.parent_ids AS 'parentIds',
        sa.name AS 'name',
        sa.sort AS 'sort',
        sa.code AS 'code',
        sa.type AS 'type',
        sd.label AS 'typeName'
        FROM sys_area sa LEFT JOIN sys_dict sd ON sa.type = sd.value AND sd.type='area_type' AND sd.del_flag='0'
        WHERE sa.del_flag = '0' AND sa.parent_id = #{id}
        ORDER BY sa.type ,sa.sort
    </select>

    <select id="findSysArea" resultType="com.isimpo.tech.framework.admin.auto.entity.SysArea">
        SELECT
            a.id,
            a.parent_id AS parentId,
	        a.parent_ids AS parentIds,
            a.name,
            a.sort,
            a.code,
            a.type,
            a.del_flag,
            a.add_time,
            a.add_user_id,
            a.upd_time,
            a.upd_user_id,
            b.name AS areaName
        FROM
            sys_area a
        LEFT JOIN sys_area b ON a.parent_id = b.id
        WHERE
            a.id =#{id}
    </select>
</mapper>