<?xml version="1.0" encoding="UTF-8"?>
<!DOCTYPE mapper PUBLIC "-//mybatis.org//DTD Mapper 3.0//EN" "http://mybatis.org/dtd/mybatis-3-mapper.dtd">

<mapper namespace="com.isimpo.tech.framework.admin.auto.mapper.SysCustMapper">


    <resultMap id="BaseResultMap" type="com.isimpo.tech.framework.admin.auto.entity.SysCust">
        <!--
          WARNING - @mbg.generated
        -->
        <id column="id" jdbcType="CHAR" property="id"/>
        <result column="real_name" jdbcType="VARCHAR" property="updName"/>
        <result column="name" jdbcType="VARCHAR" property="name"/>
        <result column="contact" jdbcType="VARCHAR" property="contact"/>
        <result column="phone" jdbcType="VARCHAR" property="phone"/>
        <result column="email" jdbcType="DECIMAL" property="email"/>
        <result column="address" jdbcType="VARCHAR" property="address"/>
        <result column="hkName" jdbcType="VARCHAR" property="hkName"/>
        <result column="address" jdbcType="VARCHAR" property="address"/>

        <result column="del_flag" jdbcType="CHAR" property="delFlag"/>
        <result column="add_time" jdbcType="TIMESTAMP" property="addTime"/>
        <result column="add_user_id" jdbcType="VARCHAR" property="addUserId"/>
        <result column="upd_time" jdbcType="TIMESTAMP" property="updTime"/>

    </resultMap>


    <!--客户-->
    <select id="custList" resultMap="BaseResultMap" parameterType="com.isimpo.tech.framework.admin.auto.entity.SysCust">
        SELECT cc.id, cc.`name`,cc.contact,cc.phone,cc.email,cc.address,
        cc.housekeeper_id housekeeperId,cm.name hkName,cc.upd_user_id updUserId ,
        su.real_name ,cc.upd_time,cc.note
        from csr_customer cc
        LEFT JOIN csr_member cm ON cm.id=cc.housekeeper_id
        LEFT JOIN sys_user su on su.id = cc.upd_user_id
        where cc.del_flag='0'

        <if test="name!=null and name!=''">
            AND cc.name LIKE concat(concat('%',#{name}),'%')
        </if>

        <if test="contact!=null and contact!=''">
            AND cc.contact LIKE concat(concat('%',#{contact}),'%')
        </if>

        <if test="phone!=null and phone!=''">
            AND cc.phone LIKE concat(concat('%',#{phone}),'%')
        </if>

        <if test="hkName!=null and hkName!=''">
            AND cm.name LIKE concat(concat('%',#{hkName}),'%')
        </if>

        ORDER BY cc.upd_time DESC
    </select>


    <insert id="save" parameterType="com.isimpo.tech.framework.admin.auto.entity.SysCust">
INSERT INTO csr_customer (id,contact,`name`,phone,email,housekeeper_id,source,address,note,del_flag,add_time,add_user_id,
)
VALUES (#{sysCust.id},#{sysCust.contact},#{sysCust.name},#{sysCust.phone},#{sysCust.email},#{sysCust.housekeeperId},
#{sysCust.source},#{sysCust.address},#{sysCust.note},'0',NOW(),#{sysCust.addUserId});
    </insert>


    <select id="getOne" resultType="com.isimpo.tech.framework.admin.auto.entity.SysCust">
        SELECT cc.id,
        cc.`name`,
        cc.contact,
        cc.phone,
        cc.email,
        cm.`name` as hkNmae,
        cc.source,
        cc.address,
        cc.housekeeper_id housekeeperId,
          cc.note
       FROM csr_customer cc
       LEFT JOIN csr_housekeeper ch ON ch.mem_id=cc.housekeeper_id
       LEFT JOIN csr_member cm ON cm.id=ch.mem_id
       WHERE cc.del_flag='0'
         AND cc.id=#{id}
    </select>

    <select id="searchOne" resultType="com.isimpo.tech.framework.admin.auto.entity.SysCust">
       SELECT cc.id,
        cc.`name`,
        cc.contact,
        cc.phone,
        cc.email,
        cm.`name` as hkNmae,
        cc.source,
       su.real_name,
       cc.upd_time,
        cc.address,
        cc.housekeeper_id housekeeperId,
         cc.note
       FROM csr_customer cc
       LEFT JOIN csr_housekeeper ch ON ch.mem_id=cc.housekeeper_id
       LEFT JOIN csr_member cm ON cm.id=ch.mem_id
       LEFT JOIN sys_user su ON su.id=cc.upd_user_id
       WHERE cc.del_flag='0'
        and cc.id=#{id}
    </select>

    <!--客户的历史行程-->
    <select id="searchTra" resultType="com.isimpo.tech.framework.admin.auto.entity.SysTra">
        SELECT
        tb.id,
        tb.name,
        tb.contact,
        tb.phone,
        tb.start_date,
        tb.end_date ,
        tb.state,
        cm.name hkName,
        cm1.name guideName
        FROM tra_base tb
        LEFT JOIN csr_member cm ON cm.id=tb.housekeeper_id   AND cm.type='2'
        LEFT JOIN csr_member cm1 ON tb.guide_id=cm1.id   AND cm1.type='3'
        WHERE tb.customer_id=#{id}
        AND tb.del_flag='0'
        ORDER BY tb.add_time DESC
    </select>

    <!--更新用户信息-->
    <update id="update" parameterType="com.isimpo.tech.framework.admin.auto.entity.SysCust">
UPDATE csr_customer
SET name=#{sysCust.name},contact=#{sysCust.contact},phone=#{sysCust.phone},email=#{sysCust.email},
housekeeper_id=#{sysCust.housekeeperId},address=#{sysCust.address},upd_time=NOW(),upd_user_id=#{sysCust.updUserId}
WHERE id=#{sysCust.id}
AND del_flag='0'

    </update>


    <!--更新预约表客户同步状态状态-->
    <update id="changeState" parameterType="java.lang.String">
          UPDATE csr_reserve set ysnc_state=1,upd_time=now()
          WHERE id=#{reId}
    </update>

</mapper>
