<?xml version="1.0" encoding="UTF-8"?>
<!DOCTYPE mapper PUBLIC "-//mybatis.org//DTD Mapper 3.0//EN" "http://mybatis.org/dtd/mybatis-3-mapper.dtd">
<mapper namespace="com.isimpo.tech.framework.admin.auto.mapper.SysDictMapper">
    <resultMap id="BaseResultMap" type="com.isimpo.tech.framework.admin.auto.entity.SysDict">
        <!--
          WARNING - @mbg.generated
        -->
        <id column="id" jdbcType="CHAR" property="id"/>
        <result column="value" jdbcType="VARCHAR" property="value"/>
        <result column="label" jdbcType="VARCHAR" property="label"/>
        <result column="type" jdbcType="VARCHAR" property="type"/>
        <result column="description" jdbcType="VARCHAR" property="description"/>
        <result column="sort" jdbcType="DECIMAL" property="sort"/>
        <result column="del_flag" jdbcType="CHAR" property="delFlag"/>
        <result column="add_time" jdbcType="TIMESTAMP" property="addTime"/>
        <result column="add_user_id" jdbcType="VARCHAR" property="addUserId"/>
        <result column="upd_time" jdbcType="TIMESTAMP" property="updTime"/>
        <result column="upd_user_id" jdbcType="VARCHAR" property="updUserId"/>
    </resultMap>
    <select id="listType" resultType="java.lang.String">
        SELECT
            DISTINCT type,add_time
        FROM sys_dict
        WHERE del_flag = '0' ORDER BY add_time DESC
    </select>

    <select id="findAll" resultType="com.isimpo.tech.framework.admin.auto.entity.SysDict">
            SELECT
            id AS 'id',
            value AS 'value',
            label AS 'label',
            type AS 'type'
        FROM sys_dict
        WHERE del_flag = '0'  ORDER BY sort
    </select>

</mapper>