<?xml version="1.0" encoding="UTF-8"?>
<!DOCTYPE mapper PUBLIC "-//mybatis.org//DTD Mapper 3.0//EN" "http://mybatis.org/dtd/mybatis-3-mapper.dtd">
<mapper namespace="com.isimpo.tech.framework.admin.auto.mapper.SysHkMapper">
    <resultMap id="BaseResultMap" type="com.isimpo.tech.framework.admin.auto.entity.SysHousekeeper">

    </resultMap>

    <!--查询所有管理员的id，name-->
   <select id="getHousekeeper" resultType="com.isimpo.tech.framework.admin.auto.entity.SysHousekeeper">
     select ch.id,ch.mem_id memId,cm.name
     from csr_housekeeper ch
     LEFT JOIN csr_member cm ON cm.id=ch.mem_id
     WHERE ch.del_flag='0'
   </select>



    <select id="selectList" resultType="com.isimpo.tech.framework.admin.auto.entity.SysHousekeeper">
        select ch.id,cm.name,ch.cover,cm.phone,cm.gender,cm.birthday,cm.source,
        cm.note,su.login_name loginName,cm.id_type idType,cm.id_num idNum,ch.content,
        cm.id memId
        from  csr_member cm
        LEFT JOIN csr_housekeeper ch ON cm.id=ch.mem_id
        LEFT JOIN sys_user su ON su.id=ch.user_id
        WHERE ch.del_flag='0'
        AND ch.id
        NOT IN (select ci.main_id
                from cont_index ci
                WHERE ci.type='1'
                AND ci.del_flag='0')
        <if test="name!=null and name!=''">
            AND cm.name LIKE concat(concat('%',#{name}),'%')
        </if>
        <if test="phone!=null and phone!=''">
            AND cm.phone LIKE concat(concat('%',#{phone}),'%')
        </if>
        ORDER BY cm.add_time DESC
    </select>

    <select id="selectOneHk" resultType="com.isimpo.tech.framework.admin.auto.entity.SysHousekeeper" parameterType="java.lang.String">
        select ch.id,cm.name,ch.cover,cm.phone,cm.gender,cm.birthday,cm.source,
        cm.note,su.login_name loginName,cm.id_type idType,cm.id_num idNum,ch.content,
        cm.id memId
        from csr_housekeeper ch
        LEFT JOIN csr_member cm ON cm.id=ch.mem_id
        LEFT JOIN sys_user su ON su.id=ch.user_id
        WHERE ch.del_flag='0'
        AND ch.id=#{id}
    </select>


    <!--待选管家分页列表-->
    <select id="selectUser" resultType="com.isimpo.tech.framework.admin.auto.entity.SysHousekeeper" parameterType="java.lang.String">
        SELECT
        user.id AS 'id',
        user.pic AS 'cover',
        user.org_id AS 'orgId',
        user.real_name AS 'realName',
        user.login_name AS 'loginName',
        user.email AS 'email',
        user.tel AS 'tel',
        user.phone AS 'phone',
        user.is_use AS 'isUse',
        user.notes AS 'notes',
        org.name AS 'orgName'
        FROM sys_user AS user
        LEFT JOIN sys_org AS org ON user.org_id =org.id
        WHERE user.del_flag = '0'
        AND user.id  NOT IN  (select user_id from csr_housekeeper ch where ch.del_flag='0' )
        <if test="phone!=null and phone!=''">
            AND user.phone LIKE concat(concat('%',#{phone}),'%')
        </if>
        <if test="realName!=null and realName!=''">
            AND user.real_name LIKE concat(concat('%',#{realName}),'%')
        </if>
        <if test="orgId!=null and orgId!=''">
            AND user.org_id in(SELECT
            id
            FROM sys_org so
            WHERE so.parent_ids LIKE concat(concat('%',#{orgId}),'%') or so.id = #{orgId})
        </if>
        ORDER BY user.add_time DESC

    </select>


    <!--查询管家列表-->
    <select id="findList" resultType="com.isimpo.tech.framework.admin.auto.entity.SysHousekeeper">

        select ch.id,cm.name,ch.cover,cm.phone,cm.gender,cm.birthday,cm.source,
        cm.note,su.login_name loginName,cm.id_type idType,cm.id_num idNum,ch.content,
        cm.id memId,cm.all_flag AS allFlag
        from  csr_member cm
        LEFT JOIN csr_housekeeper ch ON cm.id=ch.mem_id
        LEFT JOIN sys_user su ON su.id=ch.user_id
        WHERE cm.del_flag='0'
        AND cm.type='2'

        <if test="name!=null and name!=''">
            AND cm.name LIKE concat(concat('%',#{name}),'%')
        </if>
        <if test="phone!=null and phone!=''">
            AND cm.phone LIKE concat(concat('%',#{phone}),'%')
        </if>

        ORDER BY cm.add_time DESC

    </select>

<!--数据字典获得证件类型集合-->
    <select id="queryCerTypeList" resultType="com.isimpo.tech.framework.admin.auto.entity.SysDict">
              SELECT id,value,label
              FROM sys_dict
              WHERE type ='certificates_type'
              AND del_flag='0'
              ORDER BY value ASC
    </select>

    <!--添加管家列表-->
    <insert id="addHouseKeeper" parameterType="com.isimpo.tech.framework.admin.auto.entity.SysHousekeeper">

INSERT INTO csr_housekeeper (id,mem_id,user_id,cover,content,del_flag,add_time,add_user_id,upd_time,upd_user_id)
VALUES
(#{id},#{memId},#{userId},#{cover},#{content},0,NOW(),#{addUserId},NOW(),#{updUserId})

    </insert>

    <!--添加会员-->
    <insert id="addMember" parameterType="com.isimpo.tech.framework.admin.auto.entity.SysHousekeeper">
  INSERT INTO csr_member (id,`name`,gender,birthday,phone,id_type,id_num,source,note,type,all_flag,del_flag, add_time,add_user_id)
  VALUES
  (#{memId},#{name},#{gender},#{birthday},#{phone},#{idType},#{idNum},#{source},#{note},2,#{allFlag},0,NOW(),#{addUserId})

    </insert>


    <!--修改会员列表-->
    <update id="updMember" parameterType="com.isimpo.tech.framework.admin.auto.entity.SysHousekeeper">
   UPDATE csr_member
   SET `name` = #{name},
   phone = #{phone},gender=#{gender},birthday=#{birthday},source=#{source},
   note=#{note},all_flag=#{allFlag},upd_time=NOW(),upd_user_id=#{updUserId}
   WHERE id = #{memId}
    </update>


    <update id="updHousekeeper" parameterType="com.isimpo.tech.framework.admin.auto.entity.SysHousekeeper">
    UPDATE csr_housekeeper
    SET cover=#{cover},
    content=#{content},
    upd_time=now(),
    upd_user_id=#{updUserId}
    WHERE id=#{id}
    </update>

    <!--删除管家(更改两个表)-->
    <update id="delHousekeeper" parameterType="com.isimpo.tech.framework.admin.auto.entity.SysHousekeeper">
       UPDATE csr_member
       SET del_flag = '1',
       upd_time=NOW(),
       upd_user_id=#{updUserId}
       WHERE id = #{memId};

       UPDATE csr_housekeeper
       SET del_flag='1',
       upd_time=now(),
       upd_user_id=#{updUserId}
       WHERE id=#{id}
    </update>

    <delete id="delMemWechar">
        DELETE from csr_memb_wechar where mem_id = #{memId}
    </delete>

</mapper>
