<?xml version="1.0" encoding="UTF-8"?>
<!DOCTYPE mapper PUBLIC "-//mybatis.org//DTD Mapper 3.0//EN" "http://mybatis.org/dtd/mybatis-3-mapper.dtd">
<mapper namespace="com.isimpo.tech.framework.admin.auto.mapper.SysMenuMapper">
    <resultMap id="BaseResultMap" type="com.isimpo.tech.framework.admin.auto.entity.SysMenu">
        <!--
          WARNING - @mbg.generated
        -->
        <id column="id" jdbcType="CHAR" property="id"/>
        <result column="name" jdbcType="VARCHAR" property="name"/>
        <result column="parent_id" jdbcType="CHAR" property="parentId"/>
        <result column="parent_ids" jdbcType="VARCHAR" property="parentIds"/>
        <result column="link" jdbcType="VARCHAR" property="link"/>
        <result column="is_visible" jdbcType="VARCHAR" property="isVisible"/>
        <result column="auth" jdbcType="VARCHAR" property="auth"/>
        <result column="sort" jdbcType="VARCHAR" property="sort"/>
        <result column="level" jdbcType="CHAR" property="level"/>
        <result column="del_flag" jdbcType="CHAR" property="delFlag"/>
        <result column="add_time" jdbcType="TIMESTAMP" property="addTime"/>
        <result column="add_user_id" jdbcType="VARCHAR" property="addUserId"/>
        <result column="upd_time" jdbcType="TIMESTAMP" property="updTime"/>
        <result column="upd_user_id" jdbcType="VARCHAR" property="updUserId"/>
        <result column="icon" jdbcType="VARCHAR" property="icon"/>
    </resultMap>

    <!--根据用户id获取菜单-->
    <select id="selectUserMenu" resultMap="BaseResultMap">
        SELECT
            DISTINCT
            sm.id,
            sm.name,
            sm.parent_id,
            sm.parent_ids,
            sm.link,
            sm.is_visible,
            sm.auth,
            sm.sort,
            sm.level,
            sm.icon
        FROM sys_menu sm
            RIGHT JOIN sys_role_menu srm ON srm.menu_id = sm.id AND srm.del_flag = '0'
            RIGHT JOIN sys_user_role sur ON sur.role_id = srm.role_id AND sur.del_flag = '0'
        WHERE sm.del_flag = '0' AND sur.user_id = #{userId} AND sm.parent_id IS NOT NULL
        ORDER BY sm.level ASC, sm.sort ASC
    </select>

</mapper>
