<?xml version="1.0" encoding="UTF-8"?>
<!DOCTYPE mapper PUBLIC "-//mybatis.org//DTD Mapper 3.0//EN" "http://mybatis.org/dtd/mybatis-3-mapper.dtd">
<mapper namespace="com.isimpo.tech.framework.admin.auto.mapper.SysOrgMapper">
    <resultMap id="BaseResultMap" type="com.isimpo.tech.framework.admin.auto.entity.SysOrg">
        <!--
          WARNING - @mbg.generated
        -->
        <id column="id" jdbcType="CHAR" property="id"/>
        <result column="name" jdbcType="VARCHAR" property="name"/>
        <result column="parent_id" jdbcType="CHAR" property="parentId"/>
        <result column="parent_ids" jdbcType="CHAR" property="parentIds"/>
        <result column="level" jdbcType="CHAR" property="level"/>
        <result column="province" jdbcType="CHAR" property="province"/>
        <result column="city" jdbcType="CHAR" property="city"/>
        <result column="county" jdbcType="CHAR" property="county"/>
        <result column="code" jdbcType="VARCHAR" property="code"/>
        <result column="type" jdbcType="VARCHAR" property="type"/>
        <result column="notes" jdbcType="VARCHAR" property="notes"/>
        <result column="del_flag" jdbcType="CHAR" property="delFlag"/>
        <result column="add_time" jdbcType="TIMESTAMP" property="addTime"/>
        <result column="add_user_id" jdbcType="VARCHAR" property="addUserId"/>
        <result column="upd_time" jdbcType="TIMESTAMP" property="updTime"/>
        <result column="upd_user_id" jdbcType="VARCHAR" property="updUserId"/>
    </resultMap>
    <select id="selectAreas" resultType="com.isimpo.tech.framework.admin.auto.entity.SysArea">
        SELECT id,name FROM sys_area WHERE id IN
        (<foreach collection="array" item="item" separator=",">
        #{item}
    </foreach>)
        ORDER BY type
    </select>
    <select id="selectListAll"  resultMap="BaseResultMap">
        SELECT
        so.id,
        so. NAME,
        so.parent_id,
        so.parent_ids,
        so. LEVEL,
        so.province,
        so.city,
        so.county,
        so. CODE,
        so.type,
        (
        SELECT
        COUNT(su.id)
        FROM
        sys_user su WHERE so.id = su.org_id
        ) AS 'num',
        so.notes
        FROM
        sys_org so
        WHERE so.del_flag = #{delFlag}
        <if test="key!=null and key!=''">
            AND (so.id = #{key} OR so.parent_ids LIKE CONCAT('%',#{key},'%'))
        </if>
        ORDER BY so.level ASC, so.add_time ASC
    </select>
</mapper>