<?xml version="1.0" encoding="UTF-8"?>
<!DOCTYPE mapper PUBLIC "-//mybatis.org//DTD Mapper 3.0//EN" "http://mybatis.org/dtd/mybatis-3-mapper.dtd">
<mapper namespace="com.isimpo.tech.framework.admin.auto.mapper.SysRoleMapper">
    <resultMap id="BaseResultMap" type="com.isimpo.tech.framework.admin.auto.entity.SysRole">
        <!--
          WARNING - @mbg.generated
        -->
        <id column="id" jdbcType="CHAR" property="id"/>
        <result column="name" jdbcType="VARCHAR" property="name"/>
        <result column="is_use" jdbcType="VARCHAR" property="isUse"/>
        <result column="notes" jdbcType="VARCHAR" property="notes"/>
        <result column="del_flag" jdbcType="CHAR" property="delFlag"/>
        <result column="add_time" jdbcType="TIMESTAMP" property="addTime"/>
        <result column="add_user_id" jdbcType="VARCHAR" property="addUserId"/>
        <result column="upd_time" jdbcType="TIMESTAMP" property="updTime"/>
        <result column="upd_user_id" jdbcType="VARCHAR" property="updUserId"/>
    </resultMap>
    <select id="selectMenuListByRoleIdExcludeParent" resultType="java.lang.String">
        SELECT menu_id
        FROM sys_role_menu srm
        WHERE srm.role_id = #{roleId} AND srm.del_flag = '0' AND NOT EXISTS(SELECT *
                                                                            FROM sys_menu sm2
                                                                            WHERE srm.menu_id = sm2.parent_id)
    </select>
    <select id="selectMenuListByRoleId" resultType="java.lang.String">
        SELECT menu_id
        FROM sys_role_menu srm
        WHERE srm.role_id = #{roleId} AND srm.del_flag = '0'
    </select>
    <!--根据角色id删除菜单-->
    <update id="deleteMenusById">
        UPDATE sys_role_menu
        SET del_flag    = #{delFlag}, upd_time = #{updTime},
            upd_user_id = #{updUserId}
        WHERE role_id = #{id}
    </update>

    <!--删除菜单-->
    <update id="deleteMenus">
        UPDATE sys_role_menu
        SET del_flag = #{roleMenu.delFlag}, upd_time = #{roleMenu.updTime}, upd_user_id = #{roleMenu.updUserId}
        WHERE menu_id
        IN
        <foreach collection="deleteIds" separator="," item="item" open="(" close=")">
            #{item}
        </foreach>
        AND role_id = #{roleMenu.roleId}
    </update>
    <!--插入角色菜单-->
    <insert id="insertRoleMenus">
        INSERT INTO sys_role_menu (id, role_id, menu_id, del_flag, add_time, add_user_id, upd_time,
        upd_user_id)
        VALUES
        <foreach collection="list" item="item"
                 separator=",">
            (#{item.id},#{item.roleId},#{item.menuId},#{item.delFlag},#{item.addTime}, #{item.addUserId},
            #{item.updTime},
            #{item.updUserId})
        </foreach>
    </insert>

    <!--通过角色名称查询角色-->
    <select id="getRoleByName" resultType="java.lang.Integer">
        SELECT
            count(1)
        FROM sys_role
        WHERE name = #{name} AND del_flag = '0'
        <if test="id != null and id != ''">
            AND id != #{id}
        </if>
    </select>

</mapper>