<?xml version="1.0" encoding="UTF-8"?>
<!DOCTYPE mapper PUBLIC "-//mybatis.org//DTD Mapper 3.0//EN" "http://mybatis.org/dtd/mybatis-3-mapper.dtd">
<mapper namespace="com.isimpo.tech.framework.admin.auto.mapper.SysUserMapper">
    <resultMap id="BaseResultMap" type="com.isimpo.tech.framework.admin.auto.entity.SysUser">
        <!--
          WARNING - @mbg.generated
        -->
        <id column="id" jdbcType="CHAR" property="id"/>
        <result column="pic" jdbcType="VARCHAR" property="pic"/>
        <result column="org_id" jdbcType="CHAR" property="orgId"/>
        <result column="real_name" jdbcType="VARCHAR" property="realName"/>
        <result column="login_name" jdbcType="VARCHAR" property="loginName"/>
        <result column="password" jdbcType="VARCHAR" property="password"/>
        <result column="email" jdbcType="VARCHAR" property="email"/>
        <result column="tel" jdbcType="VARCHAR" property="tel"/>
        <result column="phone" jdbcType="VARCHAR" property="phone"/>
        <result column="is_use" jdbcType="VARCHAR" property="isUse"/>
        <result column="notes" jdbcType="VARCHAR" property="notes"/>
        <result column="del_flag" jdbcType="CHAR" property="delFlag"/>
        <result column="add_time" jdbcType="TIMESTAMP" property="addTime"/>
        <result column="add_user_id" jdbcType="VARCHAR" property="addUserId"/>
        <result column="upd_time" jdbcType="TIMESTAMP" property="updTime"/>
        <result column="upd_user_id" jdbcType="VARCHAR" property="updUserId"/>
    </resultMap>

    <!--查询用户列表-->
    <select id="findList" resultType="com.isimpo.tech.framework.admin.auto.entity.SysUser">
        SELECT
        user.id AS 'id',
        user.pic AS 'pic',
        user.org_id AS 'orgId',
        user.real_name AS 'realName',
        user.login_name AS 'loginName',
        user.email AS 'email',
        user.tel AS 'tel',
        user.phone AS 'phone',
        user.is_use AS 'isUse',
        user.notes AS 'notes',
        org.name AS 'orgName'
        FROM sys_user AS user LEFT JOIN sys_org AS org ON user.org_id =org.id
        WHERE user.del_flag = '0' AND user.id != '1'
        <if test="phone!=null and phone!=''">
            AND user.phone LIKE concat(concat('%',#{phone}),'%')
        </if>
        <if test="realName!=null and realName!=''">
            AND user.real_name LIKE concat(concat('%',#{realName}),'%')
        </if>
        <if test="orgId!=null and orgId!=''">
            AND user.org_id in(SELECT
            id
            FROM sys_org so
            WHERE so.parent_ids LIKE concat(concat('%',#{orgId}),'%') or so.id = #{orgId})
        </if>
        ORDER BY user.add_time DESC

    </select>

    <!--根据登录名查询是否存在用户-->
    <select id="checkLoginName" resultType="java.lang.Integer">
        SELECT count(id)
        FROM sys_user
        WHERE login_name = #{loginName} AND del_flag = '0'
    </select>

    <!--根据用户id删除用户角色表所有的用户角色-->
    <delete id="deleteRoleByUserId">
        DELETE FROM sys_user_role
        WHERE user_id = #{id}
    </delete>

    <!--保存用户角色信息-->
    <insert id="saveUserRole">
        INSERT INTO sys_user_role (
        id,
        user_id,
        role_id,
        del_flag,
        add_time,
        add_user_id,
        upd_time,
        upd_user_id
        ) VALUES
        <foreach collection="list" item="item" separator=",">
            (
            #{item.id},
            #{item.userId},
            #{item.roleId},
            #{item.delFlag},
            #{item.addTime},
            #{item.addUserId},
            #{item.updTime},
            #{item.updUserId}
            )
        </foreach>
    </insert>

    <!--根据用户id查询每个用户的角色id集合-->
    <select id="getRoleListByUserId" resultType="java.lang.String">
        SELECT role_id
        FROM sys_user_role
        WHERE del_flag = '0' AND user_id = #{id}
    </select>
    <select id="checkPassword" resultType="int">
        SELECT COUNT(id)
        FROM sys_user
        WHERE login_name = #{userName} AND password = #{password} AND del_flag = '0'
    </select>
    <select id="getUserByUsername" resultMap="BaseResultMap">
        SELECT
            DISTINCT
            id,
            login_name,
            real_name,
            pic,
            org_id,
            phone,
            is_use,
            password
        FROM sys_user
        WHERE  (login_name = #{loginName} OR phone =#{loginName}) AND del_flag = '0'
    </select>


    <select id="findTeacherId" resultType="java.lang.String">
        SELECT
            id
        FROM teacher
        WHERE del_flag = '0' AND user_id = #{id}
    </select>
    <select id="checkPhone" resultType="java.lang.Integer">

      SELECT count(id)
        FROM sys_user
        WHERE phone = #{phone} AND del_flag = '0'
        <if test="id!=null and id!=''">
            AND  id != #{id}
        </if>
    </select>

    <select id="selectUserById" resultType="com.isimpo.tech.framework.admin.auto.entity.SysUser">
        SELECT
            a.id AS 'id',
            a.pic AS 'pic',
            a.org_id AS 'orgId',
            a.real_name AS 'realName',
            a.login_name AS 'loginName',
            a.email AS 'email',
            a.tel AS 'tel',
            a.phone AS 'phone',
            a.is_use AS 'isUse',
            a.notes AS 'notes',
            org.name AS 'orgName',
            group_concat(r.name) AS roleName
        FROM
            sys_user AS a
        LEFT JOIN sys_org AS org ON a.org_id = org.id
        LEFT JOIN sys_user_role ur on ur.user_id = a.id
        LEFT JOIN sys_role r on  r.id = ur.role_id
        WHERE
            a.id = #{id}
    </select>
</mapper>