<?xml version="1.0" encoding="UTF-8"?>
<!DOCTYPE mapper PUBLIC "-//mybatis.org//DTD Mapper 3.0//EN" "http://mybatis.org/dtd/mybatis-3-mapper.dtd">
<mapper namespace="com.isimpo.tech.framework.admin.auto.mapper.WxMenuMapper">
    <resultMap id="BaseResultMap" type="com.isimpo.tech.framework.admin.auto.entity.WxMenu">
        <!--
          WARNING - @mbg.generated
        -->
        <id column="id" jdbcType="CHAR" property="id"/>
        <result column="code" jdbcType="VARCHAR" property="code"/>
        <result column="name" jdbcType="VARCHAR" property="name"/>
        <result column="type" jdbcType="VARCHAR" property="type"/>
        <result column="menu_key" jdbcType="VARCHAR" property="menuKey"/>
        <result column="url" jdbcType="VARCHAR" property="url"/>
        <result column="org_id" jdbcType="VARCHAR" property="orgId"/>
        <result column="del_flag" jdbcType="CHAR" property="delFlag"/>
        <result column="add_time" jdbcType="TIMESTAMP" property="addTime"/>
        <result column="add_user_id" jdbcType="VARCHAR" property="addUserId"/>
        <result column="upd_time" jdbcType="TIMESTAMP" property="updTime"/>
        <result column="upd_user_id" jdbcType="VARCHAR" property="updUserId"/>
        <result column="upd_mark" jdbcType="VARCHAR" property="updMark"/>
        <result column="sort" jdbcType="INTEGER" property="sort"/>
        <result column="add_mark" jdbcType="VARCHAR" property="addMark"/>
    </resultMap>

    <select id="findList" resultType="com.isimpo.tech.framework.admin.auto.entity.WxMenu">
        SELECT
        `id`,
        `code`,
        `name`,
        `type`,
        `menu_key`,
        `url`,
        `org_id`,
        `del_flag`,
        `add_time`,
        `add_user_id`,
        `upd_time`,
        `upd_user_id`,
        `upd_mark`,
        `sort`,
        `add_mark`
        FROM
        wx_menu
        WHERE
        del_flag = '0'
        <if test="name!= null and name != ''">
            AND name LIKE concat('%',#{name},'%')
        </if>
        ORDER BY `code` ASC
    </select>


    <select id="getPWXMenu" resultType="com.isimpo.tech.framework.admin.auto.entity.WxMenu">
        SELECT
        `id`,
        `code`,
        `name`,
        `type`,
        `menu_key`,
        `url`,
        `org_id`,
        `del_flag`,
        `add_time`,
        `add_user_id`,
        `upd_time`,
        `upd_user_id`,
        `upd_mark`,
        `sort`,
        `add_mark`
        FROM
        wx_menu
        WHERE
        del_flag = '0'
        AND
        code like '__'
        <if test="id!=null and id!=''">
            AND
            code != #{id}
        </if>
        ORDER BY sort ASC
    </select>


    <select id="getDetail" resultType="com.isimpo.tech.framework.admin.auto.entity.WxMenu">
        SELECT
        `id`,
        `code`,
        `name`,
        `type`,
        `menu_key`,
        `url`,
        `org_id`,
        `del_flag`,
        `add_time`,
        `add_user_id`,
        `upd_time`,
        `upd_user_id`,
        `upd_mark`,
        `sort`,
        `add_mark`
        FROM
        wx_menu
        WHERE
        del_flag = '0'
        AND
        id = #{id}
    </select>


    <insert id="save">
        INSERT INTO wx_menu(
        id,
        code,
        name,
        type,
        menu_key,
        url,
        org_id,
        sort,
        del_flag,
        add_time,
        add_user_id,
        add_mark,
        upd_time,
        upd_user_id,
        upd_mark
        ) VALUES (
        #{id},
        #{code},
        #{name},
        #{type},
        #{menuKey},
        #{url},
        #{orgId},
        #{sort},
        #{delFlag},
        #{addTime},
        #{addUserId},
        #{addMark},
        #{updTime},
        #{updUserId},
        #{updMark}
        )
    </insert>

    <update id="update">
        UPDATE wx_menu SET
        code = #{code},
        name = #{name},
        type = #{type},
        menu_key = #{menuKey},
        sort = #{sort},
        url = #{url},
        sort = #{sort},
        upd_time = #{updTime},
        upd_user_id = #{updUserId},
        upd_mark = #{updMark}
        WHERE id = #{id}
    </update>

    <!-- 一级菜单数量 -->
    <select id="getPMenuNum" resultType="java.lang.Integer">
        select count(1) from wx_menu where del_flag = '0' and code like '__'
    </select>


    <!-- 二级菜单数量 -->
    <select id="getMenuNum" resultType="java.lang.Integer">
        select count(1) from wx_menu where del_flag = '0' and code like concat('%',#{code},'__%')
    </select>

    <select id="getPMenuCode" resultType="java.lang.String">
        select code from wx_menu where del_flag = '0' and code like '__'
    </select>

    <select id="getCMenuCode" resultType="java.lang.String">
        select code from wx_menu where del_flag = '0' and code like concat('%',#{code},'__%')
    </select>

    <delete id="del">
        DELETE
        FROM
        wx_menu
        WHERE
        code LIKE concat('%',#{code},'__%')
        OR
        code = #{code}
    </delete>

    <delete id="delTwo">
        DELETE
        FROM
        wx_menu
        WHERE
        code = #{code}
    </delete>

    <!-- 查询菜单集合 -->
    <select id="searchChildWxMenu" resultType="com.isimpo.tech.framework.admin.auto.entity.WxMenu">
        SELECT
        a.id AS "id",
        a.code AS "code",
        a.name AS "name",
        a.type AS "type",
        a.menu_key AS "menuKey",
        a.url AS "url",
        a.org_id AS "orgID",
        a.sort AS "sort"
        FROM wx_menu a WHERE a.del_flag='0' AND a.CODE LIKE concat('%',#{code},'__%')
        order by sort
    </select>


    <!-- 查询菜单集合 -->
    <select id="searchWxMenu" resultType="com.isimpo.tech.framework.admin.auto.entity.WxMenu">
        SELECT * FROM wx_menu WHERE del_flag='0'
        <if test="type != null and type != ''">
            AND code like '__'
        </if>
        order by sort
    </select>

    <select id="getWxConfig" resultType="com.isimpo.tech.framework.admin.auto.entity.WxConfig">
        select
            app_id as appId,
            app_secret as appSecret
        from
        wx_config
        where
        del_flag='0'
    </select>
</mapper>
