<?xml version="1.0" encoding="UTF-8"?>
<!DOCTYPE mapper PUBLIC "-//mybatis.org//DTD Mapper 3.0//EN" "http://mybatis.org/dtd/mybatis-3-mapper.dtd">
<mapper namespace="com.isimpo.tech.framework.applet.auto.mapper.ealbums.EAlbumsMapper">

    <!--电子相册列表-->
    <select id="albumList" resultType="com.isimpo.tech.framework.applet.auto.entity.ealbums.AlbumVo">
          SELECT
                a.id,
                a.`name`,
                DATE_FORMAT(a.add_time,'%Y-%m-%d %H:%i') AS createTime,
                a.template,
                p.url_path AS urlPath
          FROM tra_album a
          LEFT JOIN tra_album_pic p ON p.album_id = a.id
            AND p.del_flag = '0' AND p.id = (
                SELECT p2.id
                FROM tra_album_pic p2
                WHERE p2.album_id = a.id AND p2.del_flag = '0'
                ORDER BY p2.add_time
                LIMIT 1
            )
          WHERE a.mem_id = #{memId} AND a.del_flag = '0'
          ORDER BY a.add_time DESC, p.add_time
    </select>

    <!--电子相册删除-->
    <update id="albumDel">
        UPDATE tra_album
        SET del_flag='1',
               upd_time=NOW()
        WHERE id=#{id}
    </update>

    <!--行程列表-->
    <select id="travelList" resultType="com.isimpo.tech.framework.applet.auto.entity.ealbums.TravelInfoVo">
        SELECT
            b.id,
            b.`name`
        FROM tra_base b
        INNER JOIN tra_member m ON m.tra_id=b.id AND m.del_flag='0' AND m.mem_id=#{memId}
        WHERE b.del_flag='0'
    </select>

    <!--根据行程查询游记列表-->
    <select id="travelsList" resultType="com.isimpo.tech.framework.applet.auto.entity.ealbums.TravelsVo">
        SELECT
            t.id,
            t.file_path AS filePath,
            t.content
        FROM tra_travels t
        LEFT JOIN tra_item it ON t.item_id = it.id
        LEFT JOIN tra_place pl ON it.place_id = pl.id
        LEFT JOIN tra_calendar ca ON pl.calendar_id = ca.id
        WHERE t.del_flag='0'
            AND t.mem_id=#{memId}
            AND t.range_id=#{traId}
            AND t.type='1'
            <if test="date != null and date != ''">
                and (DATE_FORMAT(t.add_time,'%Y-%m-%d') = #{date} OR DATE_FORMAT(ca.tra_date, '%Y-%m-%d') = #{date})
            </if>
    </select>

    <!--保存电子相册-->
    <insert id="albumSave">
        INSERT INTO tra_album(
          id,
          tra_id,
          mem_id,
          name,
          template,
          del_flag,
          add_time,
          add_user_id,
          add_mark,
          upd_time,
          upd_user_id,
          upd_mark)
         VALUES
          (#{id},
          #{traId},
          #{memId},
          #{name},
          #{template},
          '0',
          NOW(),
          #{addUserId},
          #{addMark},
          NOW(),
          #{updUserId},
          #{updMark})
    </insert>

    <!--保存电子相册图片-->
    <insert id="albumPicSave">
        INSERT INTO tra_album_pic(
          id,
          album_id,
          name,
          url_path,
          content,
          sort,
          del_flag,
          add_time,
          add_user_id,
          add_mark,
          upd_time,
          upd_user_id,
          upd_mark)
        VALUES
        <foreach collection="albumPicList" item="item" separator=",">
            (#{item.id},
            #{item.albumId},
            #{item.name},
            #{item.urlPath},
            #{item.content},
            #{item.sort},
            '0',
            NOW(),
            #{item.addUserId},
            #{item.addMark},
            NOW(),
            #{item.updUserId},
            #{item.updMark})
        </foreach>
    </insert>

    <!--通过电子相册id获取详情信息-->
    <select id="getAlbumDetail" resultType="com.isimpo.tech.framework.applet.auto.entity.ealbums.AlbumVo">
        SELECT
            t.name,
            DATE_FORMAT(t.add_time,'%Y-%m-%d %H:%i') AS createTime,
            p.content,
            p.url_path AS urlPath
        FROM tra_album t
        LEFT JOIN tra_album_pic p ON p.album_id=t.id AND p.del_flag='0'
        WHERE t.id=#{id}
        ORDER BY p.sort
        LIMIT 1
    </select>

    <!--通过电子相册id获取动态图中所有图片-->
    <select id="getAlbumPic" resultType="com.isimpo.tech.framework.applet.auto.entity.ealbums.AlbumPicVo">
        SELECT
            p.content,
            p.url_path AS urlPath,
            p.sort
        FROM tra_album_pic p
        WHERE p.album_id=#{id}
        ORDER BY p.sort
    </select>
</mapper>
