<?xml version="1.0" encoding="UTF-8"?>
<!DOCTYPE mapper PUBLIC "-//mybatis.org//DTD Mapper 3.0//EN" "http://mybatis.org/dtd/mybatis-3-mapper.dtd">
<mapper namespace="com.isimpo.tech.framework.admin.auto.mapper.content.formerlyarticles.FormerlyArticlesMapper">

    <select id="findList" resultType="com.isimpo.tech.framework.admin.auto.entity.content.formerlyarticles.FormerlyArticles">
        SELECT
            a.id,
            a.title AS title,
            a.digest AS digest,
            a.cover AS cover,
            a.state AS state,
            a.content AS content,
            a.author AS author,
            a.thumb_media_id AS thumbMediaId,
            a.url AS url,
            a.content_source_url AS contentSourceUrl,
            a.update_time AS updateTime
        FROM
            cont_article a
        WHERE
            a.del_flag = '0'
            <if test="title != null and title != ''">
                AND a.title LIKE concat('%', #{title}, '%')
            </if>
            <if test="digest != null and digest != ''">
                AND a.digest LIKE concat('%', #{digest}, '%')
            </if>
            <if test="state != null and state != ''">
                AND a.state LIKE concat('%', #{state}, '%')
            </if>
        order by a.update_time desc
    </select>

    <select id="getArticles" resultType="com.isimpo.tech.framework.admin.auto.entity.content.formerlyarticles.FormerlyArticles">
        SELECT
            a.id,
            a.title AS title,
            a.digest AS digest,
            a.cover AS cover,
            a.state AS state,
            a.content AS content,
            a.author AS author,
            a.thumb_media_id AS thumbMediaId,
            a.url AS url,
            a.content_source_url AS contentSourceUrl,
            a.update_time AS updateTime
        FROM
            cont_article a
        WHERE
            a.del_flag = '0' and a.id = #{id}
ORDER BY a.update_time DESC
    </select>

    <!--过滤掉已经是推荐的文章list-->
    <select id="indexArticleList" resultType="com.isimpo.tech.framework.admin.auto.entity.content.formerlyarticles.FormerlyArticles">
        SELECT
        a.id,
        a.title AS title,
        a.digest AS digest,
        a.cover AS cover,
        a.state AS state,
        a.content AS content,
        a.author AS author,
        a.thumb_media_id AS thumbMediaId,
        a.url AS url,
        a.content_source_url AS contentSourceUrl,
        a.update_time AS updateTime
        FROM
        cont_article a
        WHERE
        a.del_flag = '0'
        AND a.id
        NOT IN (select ci.main_id
                from cont_index ci
                WHERE ci.type='3'
                AND ci.del_flag='0')
        <if test="title != null and title != ''">
            AND a.title LIKE concat('%', #{title}, '%')
        </if>
        <if test="digest != null and digest != ''">
            AND a.digest LIKE concat('%', #{digest}, '%')
        </if>
        <if test="state != null and state != ''">
            AND a.state LIKE concat('%', #{state}, '%')
        </if>
        order by a.update_time desc
    </select>



    <insert id="insertList">
        INSERT INTO cont_article(
        id,
        title,
        digest,
        cover,
        state,
        content,
        author,
        thumb_media_id,
        url,
        content_source_url,
        update_time,
        del_flag,
        add_time,
        add_user_id
        )
        VALUES
        <foreach collection="list" item="item" separator=",">
            (#{item.id},
            #{item.title},
            #{item.digest},
            #{item.cover},
            #{item.state},
            #{item.content},
            #{item.author},
            #{item.thumbMediaId},
            #{item.url},
            #{item.contentSourceUrl},
            #{item.updateTime},
            '0',
            #{item.addTime},
            #{item.addUserId}
            )
        </foreach>
    </insert>

    <update id="updateList">
        <foreach collection="list" item="item" separator=";">
            UPDATE cont_article
            SET
            title = #{item.title},
            digest = #{item.digest},
            cover = #{item.cover},
            state = #{item.state},
            content = #{item.content},
            author = #{item.author},
            thumb_media_id = #{item.thumbMediaId},
            url = #{item.url},
            content_source_url = #{item.contentSourceUrl},
            update_time = #{item.updateTime}
            where id = #{item.id}
        </foreach>
    </update>
</mapper>
