<?xml version="1.0" encoding="UTF-8" ?>
<!DOCTYPE mapper
        PUBLIC "-//mybatis.org//DTD Mapper 3.0//EN"
        "http://mybatis.org/dtd/mybatis-3-mapper.dtd">
<mapper namespace="com.isimpo.tech.framework.applet.auto.mapper.onroad.MemberBindMapper">

    <!--通过openId查询是否已经绑定会员-->
    <select id="findMemberByOpenId" resultType="com.isimpo.tech.framework.applet.auto.entity.onroad.memberbind.MemberVo">
        SELECT
            cmw.mem_id AS id,
            cwu.open_id AS openId
        FROM
            csr_wechar_user cwu
        LEFT JOIN csr_memb_wechar cmw ON cmw.del_flag = '0' AND cmw.wechar_id = cwu.id
        WHERE
            cwu.del_flag = '0'
        AND
            cwu.open_id = #{openId}
    </select>

    <!--查询某一手机号绑定的会员id-->
    <select id="getMemberIdByPhone" resultType="string">
        SELECT
            id AS memId
        FROM
            csr_member
        WHERE
            del_flag = '0'
        AND
            phone = #{phone}
        ORDER BY
            add_time
        limit 1
    </select>

    <!--通过openId查询微信用户表里的id-->
    <select id="getWecharIdByOpenId" resultType="string">
        SELECT
            id AS wecharId
        FROM
            csr_wechar_user
        WHERE
            del_flag = '0'
        AND
            open_id = #{openId}
        ORDER BY
            add_time
        limit 1
    </select>

    <!--通过wecharId查询微信用户表里的id-->
    <select id="checkExist" resultType="int">
        SELECT count(1)
        FROM
            csr_memb_wechar
        WHERE
            mem_id = #{memId}
        AND
            wechar_id = #{wecharId}
        AND
            del_flag = '0'
    </select>

    <!--通过wecharId查询微信用户表里的id-->
    <select id="checkBind" resultType="int">
        SELECT count(1)
        FROM
            csr_memb_wechar cmw
        LEFT JOIN csr_member cm ON cmw.mem_id = cm.id AND cm.phone = #{phone}
        WHERE
            cmw.del_flag = '0' AND cm.del_flag = '0'
    </select>

    <!--向关系表中插入数据-->
    <insert id="insertRelation">
        INSERT INTO csr_memb_wechar(
            id,
            mem_id,
            wechar_id,
            del_flag,
            add_time,
            add_user_id,
            upd_time,
            upd_user_id
        )VALUES (
            #{id},
            #{memId},
            #{wecharId},
            0,
            Now(),
            #{addUserId},
            Now(),
            #{updUserId}
        )
    </insert>

    <insert id="insertMember">
        INSERT INTO csr_member(
          id,
          name,
          gender,
          birthday,
          phone,
          id_type,
          id_num,
          source,
          note,
          type,
          talent_flag,
          del_flag,
          add_time,
          add_user_id,
          upd_time,
          upd_user_id
        )VALUES (
          #{id},
          #{name},
          #{gender},
          #{birthday},
          #{phone},
          #{idType},
          #{idNum},
          #{source},
          #{note},
          #{type},
          #{talentFlag},
          0,
          Now(),
          #{addUserId},
          Now(),
          #{updUserId}
        )
    </insert>

</mapper>