<?xml version="1.0" encoding="UTF-8" ?>
<!DOCTYPE mapper
        PUBLIC "-//mybatis.org//DTD Mapper 3.0//EN"
        "http://mybatis.org/dtd/mybatis-3-mapper.dtd">
<mapper namespace="com.isimpo.tech.framework.applet.auto.mapper.onroad.NewsMapper">

    <!--可乐消息列表查询-->
    <select id="listNews" resultType="com.isimpo.tech.framework.applet.auto.entity.onroad.news.NewsVo">
        SELECT
            tn.id,
            tn.tra_id AS traId,
            tn.housekeeper_id AS housekeeperId,
            tn.type,
            tn.content,
            tn.file_path AS filePath,
            tn.upd_time AS updTime,
            tn.add_time AS addTime,
            (
                CASE
                  WHEN IFNULL(cwu.nick_name, '') = '' THEN
                cm. NAME
                  ELSE
                cwu.nick_name
                  END
            ) AS nickName,
            (
            CASE
              WHEN IFNULL(cwu.photo, '') = '' THEN
            ch.cover
              ELSE
            cwu.photo
              END
            ) AS photo,
            (CASE WHEN cm.type ='2' THEN '管家' WHEN cm.type ='3' THEN '领队' END) AS title
        FROM tra_news tn
        LEFT JOIN tra_base tb ON tb.id = tn.tra_id AND tb.del_flag = 0 AND tb.state != 9
        LEFT JOIN csr_member cm ON tn.housekeeper_id = cm.id AND cm.del_flag = 0
        LEFT JOIN csr_memb_wechar cmw ON tn.housekeeper_id = cmw.mem_id AND cmw.del_flag = 0
        LEFT JOIN csr_wechar_user cwu ON cmw.wechar_id = cwu.id AND cwu.del_flag = 0
        LEFT JOIN csr_housekeeper ch ON ch.mem_id = cm.id AND ch.del_flag = '0'
        WHERE tn.del_flag = 0
        <if test="traId != null and traId != ''">
            AND  tn.tra_id = #{traId}
        </if>
        ORDER BY
            updTime DESC
    </select>

    <!--查询可乐消息的已确认列表-->
    <select id="getConfirmList" resultType="com.isimpo.tech.framework.applet.auto.entity.onroad.memberbind.MemberVo">
        SELECT
            tnc.news_id AS newsId,
            cwu.nick_name AS nickName,
            tnc.mem_id AS wecharId,
            cwu.photo,
            tnc.upd_time AS updTime
        FROM
            csr_wechar_user cwu
        LEFT JOIN tra_news_confirm tnc ON cwu.id = tnc.mem_id AND tnc.del_flag = 0
        WHERE
            cwu.del_flag = 0
        AND
            tnc.news_id
        IN
        <foreach collection="list" index="index" item="item" open="(" separator="," close=")">
            #{item.id}
        </foreach>

        ORDER BY
            tnc.upd_time DESC
    </select>

    <!--查询可乐消息详情-->
    <select id="getNewsDetail" resultType="com.isimpo.tech.framework.applet.auto.entity.onroad.news.NewsVo">
        SELECT
            tn.id,
            tn.tra_id AS traId,
            tn.housekeeper_id AS housekeeperId,
            tn.type,
            tn.content,
            tn.file_path AS filePath,
            tn.upd_time AS updTime,
            cwu.nick_name AS nickName,
            cwu.photo AS photo,
            (CASE WHEN cm.type ='2' THEN '管家' WHEN cm.type ='3' THEN '领队' END) AS title
            FROM tra_news tn
            LEFT JOIN csr_member cm ON tn.housekeeper_id = cm.id AND cm.del_flag = 0
            LEFT JOIN csr_memb_wechar cmw ON tn.housekeeper_id = cmw.mem_id AND cmw.del_flag = 0
            LEFT JOIN csr_wechar_user cwu ON cmw.wechar_id = cwu.id AND cwu.del_flag = 0
        WHERE tn.del_flag = 0
        AND
            tn.id = #{newsId}
    </select>

    <!--逻辑删除可乐消息-->
    <update id="delNews">
        UPDATE tra_news
        SET del_flag    = 1,
            upd_user_id = #{updUserId},
            upd_time    = NOW()
        WHERE id = #{id}
    </update>

    <!--查看消息是否已经被成员确认-->
    <select id="checkConfirm" resultType="int">
        SELECT
            COUNT(1)
        FROM
            tra_news_confirm
        WHERE
            del_flag = 0
        AND
            news_id = #{newsId} AND mem_id = #{memId}
    </select>

    <!--确认可乐消息-->
    <insert id="confirmNews">
        INSERT INTO
            tra_news_confirm(
            id,
            news_id,
            mem_id,
            del_flag,
            add_time,
            add_user_id,
            upd_time,
            upd_user_id)
        VALUES (
            #{id},
            #{newsId},
            #{memId},
            0,
            NOW(),
            #{addUserId},
            NOW(),
            #{updUserId})
    </insert>

    <!--添加可乐消息-->
    <insert id="addNews">
        INSERT INTO
            tra_news(
                 id,
                 tra_id,
                 item_id,
                 housekeeper_id,
                 content,
                 type,
                 file_path,
                 media_id,
                 del_flag,
                 add_time,
                 add_user_id,
                 upd_time,
                 upd_user_id)
        VALUES (
                #{id},
                #{traId},
                #{itemId},
                #{housekeeperId},
                #{content},
                #{type},
                #{filePath},
                #{mediaId},
                0,
                NOW(),
                #{addUserId},
                NOW(),
                #{updUserId})
    </insert>

    <!--查询行程列表-->
    <select id="listTravel" resultType="com.isimpo.tech.framework.applet.auto.entity.onroad.news.TraManageVo">
        SELECT id, name
        FROM tra_base
        WHERE del_flag = 0
    </select>

    <!--查询行程的成员列表-->
    <select id="listMember" resultType="com.isimpo.tech.framework.applet.auto.entity.onroad.memberbind.MemberVo">
        SELECT
            DISTINCT tm.mem_id,
            tm.tra_id AS traId,
            cwu.nick_name AS nickName,
            cwu.photo
        FROM
           tra_member tm
        LEFT JOIN csr_member  cm ON tm.mem_id = cm.id AND cm.del_flag = 0
        LEFT JOIN csr_memb_wechar cmw ON cmw.mem_id = cm.id AND cmw.del_flag = 0
        LEFT JOIN csr_wechar_user cwu ON cmw.wechar_id = cwu.id AND cwu.del_flag = 0
        WHERE
            tm.tra_id = #{traId}

    </select>


</mapper>