<?xml version="1.0" encoding="UTF-8" ?>
<!DOCTYPE mapper
        PUBLIC "-//mybatis.org//DTD Mapper 3.0//EN"
        "http://mybatis.org/dtd/mybatis-3-mapper.dtd">
<mapper namespace="com.isimpo.tech.framework.applet.auto.mapper.onroad.WishMapper">

    <!--会员祝福列表查询-->
    <select id="listWishesByTraId" resultType="com.isimpo.tech.framework.applet.auto.entity.onroad.wish.WishVo">
        SELECT
            tw.id,
            tw.tra_id AS traId,
            tw.mem_id AS memId,
            tw.content,
            tw.add_time AS addTime,
            cwu.nick_name AS nickName,
            cwu.photo,
            DATE_FORMAT(tw.add_time, '%Y-%m-%d %H:%i') AS dateString
        FROM
            tra_wish tw
        LEFT JOIN csr_memb_wechar cmw ON tw.mem_id = cmw.mem_id AND cmw.del_flag = 0
        LEFT JOIN csr_wechar_user cwu ON cmw.wechar_id = cwu.id AND cwu.del_flag = 0
        WHERE
            tw.del_flag = '0'
        <if test="traId != null and traId != ''">
            AND  tw.tra_id = #{traId}
        </if>
        ORDER BY
            tw.add_time DESC,id
    </select>

    <!--逻辑删除会员祝福-->
    <update id="delWish">

    </update>



    <!--添加会员祝福-->
    <insert id="addWish">
        INSERT INTO
            tra_wish(
                id,
                tra_id,
                mem_id,
                content,
                del_flag,
                add_time,
                add_user_id,
                add_mark,
                upd_time,
                upd_user_id,
                upd_mark
                 )
        VALUES (
            #{id},
            #{traId},
            #{memId},
            #{content},
            0,
            Now(),
            #{addUserId},
            #{addMark},
            Now(),
            #{updUserId},
            #{updMark}
                )
    </insert>



</mapper>