<?xml version="1.0" encoding="UTF-8" ?>
<!DOCTYPE mapper
        PUBLIC "-//mybatis.org//DTD Mapper 3.0//EN"
        "http://mybatis.org/dtd/mybatis-3-mapper.dtd">
<mapper namespace="com.isimpo.tech.framework.applet.auto.mapper.onroad.timememory.TimeMemoryMapper">
    <resultMap id="travelRecordDetailMap"
               type="com.isimpo.tech.framework.applet.auto.entity.onroad.timememory.TimeMemoryVo">
        <id column="id" property="id"/>
        <result column="rangeId" property="rangeId"/>
        <result column="memId" property="memId"/>
        <result column="praiseFlag" property="praiseFlag"/>
        <result column="nickName" property="nickName"/>
        <result column="photo" property="photo"/>
        <result column="content" property="content"/>
        <result column="startTime" property="startTime"/>
        <result column="endTime" property="endTime"/>
        <result column="type" property="type"/>
        <result column="browseRange" property="browseRange"/>
        <result column="filePath" property="filePath"/>
        <result column="location" property="location"/>
        <result column="longitude" property="longitude"/>
        <result column="latitude" property="latitude"/>
        <result column="traName" property="traName"/>
        <result column="dateFlag" property="dateFlag"/>
        <result column="addTime" property="addTime"/>
        <result column="itemName" property="itemName"/>
        <result column="praiseFlag" property="praiseFlag"/>
        <result column="delable" property="delable"/>
        <collection property="comments"
                    ofType="com.isimpo.tech.framework.applet.auto.entity.onroad.timememory.CommentVo">
            <id column="commentId" property="id"/>
            <result column="commentMemId" property="memId"/>
            <result column="commentUserId" property="commentId"/>
            <result column="commentNickName" property="nickName"/>
            <result column="commentPhoto" property="photo"/>
            <result column="replyNickName" property="replyNickName"/>
            <result column="commentContent" property="content"/>
            <result column="commentAddTime" property="addTime"/>
        </collection>
        <collection property="praiseUsers"
                    ofType="com.isimpo.tech.framework.applet.auto.entity.onroad.timememory.PraiseRecordVo">
            <id column="praiseId" property="id"/>
            <result column="praiseNickName" property="nickName"/>
        </collection>
    </resultMap>

    <!--逻辑删除行程记录-->
    <update id="delTimeMemory">
        UPDATE tra_travels
        SET del_flag    = 1,
            upd_user_id = #{updUserId},
            upd_time    = NOW()
        WHERE id = #{id}
          AND mem_id = #{memId}
    </update>

    <!--查询行程游记详情-->
    <select id="getTimeMemory" resultMap="travelRecordDetailMap">
        SELECT tt.id,
        tt.range_id AS rangeId,
        tt.browse_range AS browseRange,
        tt.mem_id AS memId,
        tt.content,
        tt.type,
        tt.file_path AS filePath,
        tt.location,
        tt.longitude,
        tt.latitude,
        (CASE
        WHEN DATEDIFF(NOW(), tt.add_time) = 0 THEN
        CONCAT(
        '今天 ',
        DATE_FORMAT(tt.add_time, '%k:%s')
        )
        WHEN DATEDIFF(NOW(), tt.add_time) = 1 THEN
        CONCAT(
        '昨天 ',
        DATE_FORMAT(tt.add_time, '%k:%s')
        )
        ELSE
        DATE_FORMAT(
        tt.add_time,
        '%Y-%m-%d %k:%s'
        )
        END) AS dateFlag,
        tt.add_time AS addTime,
        (CASE WHEN IFNULL(cwua.nick_name,'') ='' THEN mem.`name` ELSE cwua.nick_name END) AS nickName,
        cwua.photo,
        tb.name AS traName,
        ti.name AS itemName,
        ti.start_time AS startTime,
        ti.end_time AS endTime,
        tc.id AS commentId,
        tc.mem_id AS commentMemId,
        tc.comment_id AS commentUserId,
        tc.content AS commentContent,
        (
        CASE
        WHEN cwub.id IS NOT NULL AND IFNULL(cwub.nick_name,'')='' AND IFNULL(memb.name,'')='' THEN '游客'
        WHEN IFNULL(cwub.nick_name,'')='' THEN memb.name
        ELSE cwub.nick_name
        END
        ) AS commentNickName,
        cwub.photo AS commentPhoto,
        (
        CASE
        WHEN cwuc.id IS NOT NULL AND IFNULL(cwuc.nick_name,'')='' AND IFNULL(memc.name,'')='' THEN '游客'
        WHEN IFNULL(cwuc.nick_name,'')='' THEN memc.name
        ELSE cwuc.nick_name
        END
        ) AS replyNickName,
        tc.add_time AS commentAddTime,
        tlr.id AS praiseId,
        (
        CASE
        WHEN cwud.id IS NOT NULL AND IFNULL(cwud.nick_name,'')='' AND IFNULL(memc.name,'')='' THEN '游客'
        WHEN IFNULL(cwud.nick_name,'')='' THEN memc.name
        ELSE cwud.nick_name
        END
        ) AS praiseNickName,
        (CASE
        WHEN tlr2.id IS NULL THEN '0'
        ELSE '1'
        END) AS praiseFlag,
        (tt.mem_id = #{uid}) AS delable
        FROM tra_travels tt
        LEFT JOIN csr_memb_wechar cmwa ON tt.mem_id = cmwa.mem_id
        LEFT JOIN csr_wechar_user cwua ON cwua.id = cmwa.wechar_id
        LEFT JOIN csr_member mem ON tt.mem_id=mem.id
        LEFT JOIN tra_base tb ON tt.range_id = tb.id AND tb.del_flag = 0
        LEFT JOIN tra_item ti ON ti.id = tt.item_id AND ti.del_flag = 0
        LEFT JOIN tra_comment tc ON tc.main_id = tt.id AND tc.del_flag = 0 AND tc.type = '1'
        LEFT JOIN csr_wechar_user cwub ON cwub.id = tc.mem_id
        LEFT JOIN csr_memb_wechar cmwb ON cmwb.wechar_id = cwub.id
        LEFT JOIN csr_member memb ON memb.id = cmwb.mem_id
        LEFT JOIN csr_wechar_user cwuc ON cwuc.id = tc.comment_id
        LEFT JOIN csr_memb_wechar cmwc ON cmwc.wechar_id = cwuc.id
        LEFT JOIN csr_member memc ON memc.id = cmwc.mem_id
        LEFT JOIN tra_laud_record tlr ON tt.id = tlr.main_id AND tlr.del_flag = 0 AND tlr.type = '1'
        LEFT JOIN csr_wechar_user cwud ON cwud.id = tlr.mem_id
        LEFT JOIN csr_memb_wechar cmwd ON cmwd.wechar_id = cwud.id
        LEFT JOIN csr_member memd ON memd.id = cmwd.mem_id
        LEFT JOIN tra_laud_record tlr2 ON tlr2.main_id = tt.id AND tlr2.mem_id = #{wid} AND tlr2.del_flag = 0 AND
        tlr2.type = '1'
        WHERE
        tt.del_flag = 0
        <if test="id != null and id != ''">
            AND tt.id = #{id}
        </if>
        ORDER BY tt.add_time DESC,
        tc.add_time,
        tlr.add_time DESC
    </select>

    <!--查询行程游记列表-->
    <select id="listTimeMemory" resultMap="travelRecordDetailMap">
        SELECT tt.id,
        tt.range_id AS rangeId,
        tt.browse_range AS browseRange,
        tt.mem_id AS memId,
        tt.content,
        tt.type,
        tt.file_path AS filePath,
        tt.location,
        tt.longitude,
        tt.latitude,
        (CASE
        WHEN DATEDIFF(NOW(), tt.add_time) = 0 THEN
        CONCAT(
        '今天 ',
        DATE_FORMAT(tt.add_time, '%k:%s')
        )
        WHEN DATEDIFF(NOW(), tt.add_time) = 1 THEN
        CONCAT(
        '昨天 ',
        DATE_FORMAT(tt.add_time, '%k:%s')
        )
        ELSE
        DATE_FORMAT(
        tt.add_time,
        '%Y-%m-%d %k:%s'
        )
        END) AS dateFlag,
        tt.add_time AS addTime,
        (CASE WHEN IFNULL(cwua.nick_name,'') ='' THEN mem.`name` ELSE cwua.nick_name END) AS nickName,
        cwua.photo,
        tb.name AS traName,
        ti.name AS itemName,
        ti.start_time AS startTime,
        ti.end_time AS endTime,
        tc.id AS commentId,
        tc.mem_id AS commentMemId,
        tc.comment_id AS commentUserId,
        tc.content AS commentContent,
        (
        CASE
        WHEN cwub.id IS NOT NULL AND IFNULL(cwub.nick_name,'')='' AND IFNULL(memb.name,'')='' THEN '游客'
        WHEN IFNULL(cwub.nick_name,'')='' THEN memb.name
        ELSE cwub.nick_name
        END
        ) AS commentNickName,
        cwub.photo AS commentPhoto,
        (
        CASE
        WHEN cwuc.id IS NOT NULL AND IFNULL(cwuc.nick_name,'')='' AND IFNULL(memc.name,'')='' THEN '游客'
        WHEN IFNULL(cwuc.nick_name,'')='' THEN memc.name
        ELSE cwuc.nick_name
        END
        ) AS replyNickName,
        tc.add_time AS commentAddTime,
        tlr.id AS praiseId,
        (
        CASE
        WHEN cwud.id IS NOT NULL AND IFNULL(cwud.nick_name,'')='' AND IFNULL(memc.name,'')='' THEN '游客'
        WHEN IFNULL(cwud.nick_name,'')='' THEN memc.name
        ELSE cwud.nick_name
        END
        ) AS praiseNickName,
        (CASE
        WHEN tlr2.id IS NULL THEN '0'
        ELSE '1'
        END) AS praiseFlag,
        (tt.mem_id = #{uid}) AS delable
        FROM tra_travels tt
        LEFT JOIN csr_memb_wechar cmwa ON tt.mem_id = cmwa.mem_id
        LEFT JOIN csr_wechar_user cwua ON cwua.id = cmwa.wechar_id
        LEFT JOIN csr_member mem ON tt.mem_id=mem.id
        LEFT JOIN tra_base tb ON tt.range_id = tb.id AND tb.del_flag = 0
        LEFT JOIN tra_item ti ON ti.id = tt.item_id AND ti.del_flag = 0
        LEFT JOIN tra_comment tc ON tc.main_id = tt.id AND tc.del_flag = 0 AND tc.type = '1'
        LEFT JOIN csr_wechar_user cwub ON cwub.id = tc.mem_id
        LEFT JOIN csr_memb_wechar cmwb ON cmwb.wechar_id = cwub.id
        LEFT JOIN csr_member memb ON memb.id = cmwb.mem_id
        LEFT JOIN csr_wechar_user cwuc ON cwuc.id = tc.comment_id
        LEFT JOIN csr_memb_wechar cmwc ON cmwc.wechar_id = cwuc.id
        LEFT JOIN csr_member memc ON memc.id = cmwc.mem_id
        LEFT JOIN tra_laud_record tlr ON tt.id = tlr.main_id AND tlr.del_flag = 0 AND tlr.type = '1'
        LEFT JOIN csr_wechar_user cwud ON cwud.id = tlr.mem_id
        LEFT JOIN csr_memb_wechar cmwd ON cmwd.wechar_id = cwud.id
        LEFT JOIN csr_member memd ON memd.id = cmwd.mem_id
        LEFT JOIN tra_laud_record tlr2 ON tlr2.main_id = tt.id AND tlr2.mem_id = #{wid} AND tlr2.del_flag = 0 AND
        tlr2.type = '1'
        WHERE tt.del_flag = 0
        AND tt.id IN (
        SELECT A.id FROM
        (SELECT id
        FROM tra_travels
        WHERE del_flag = 0
        <if test="rangeId != null and rangeId != ''">
            AND range_id = #{rangeId}
        </if>
        <if test="browseRange != null and browseRange != ''">
            AND browse_range = #{browseRange}
        </if>
        <if test="myUid != null and myUid != ''">
            AND mem_id = #{myUid}
        </if>
        <if test="id != null and id != ''">
            AND id = #{id}
        </if>
        <if test="travels != null and travels.size() > 0">
            AND range_id IN
        <foreach collection="travels" separator="," item="item" open="(" close=")">
            #{item.id}
        </foreach>
        </if>
        ORDER BY add_time DESC, talk_amount DESC, laud_amount DESC
        LIMIT #{offset} ,#{limit}
        ) AS A)
        ORDER BY tt.add_time DESC,
        tc.add_time,
        tlr.add_time DESC
    </select>

    <!--行程事项信息查询-->
    <select id="getItemInfo" resultType="com.isimpo.tech.framework.applet.auto.entity.onroad.timememory.TravelRecordVo">
        SELECT ti.id         AS itemId,
               ti.start_time AS startTime,
               ti.end_time   AS endTime,
               ti.name       AS itemName
        FROM tra_item ti
        WHERE ti.del_flag = 0
          AND ti.id = #{itemId}
    </select>

    <!--查询点赞记录列表-->
    <select id="listPraiseRecord"
            resultType="com.isimpo.tech.framework.applet.auto.entity.onroad.timememory.PraiseRecordVo">
        SELECT tlr.id,
               cwu.photo,
               (CASE
                    WHEN cwu.id IS NOT NULL AND IFNULL(cwu.nick_name, '') = '' AND IFNULL(cm.name, '') = '' THEN '游客'
                    WHEN IFNULL(cwu.nick_name, '') = '' THEN cm.name
                    ELSE cwu.nick_name
                   END) AS nickName
        FROM tra_travels tt
                 LEFT JOIN tra_laud_record tlr ON tlr.main_id = tt.id AND tlr.del_flag = 0 AND tlr.type = '1'
                 LEFT JOIN csr_wechar_user cwu ON cwu.id = tlr.mem_id
                 LEFT JOIN csr_memb_wechar cmw ON cmw.wechar_id = cwu.id
                 LEFT JOIN csr_member cm ON cm.id = cmw.mem_id
        WHERE tt.id = #{mainId}
        ORDER BY tlr.add_time DESC
    </select>

    <!--增加点赞记录-->
    <insert id="addPraiseRecord">
        INSERT INTO tra_laud_record(id,
                                    main_id,
                                    mem_id,
                                    type,
                                    del_flag,
                                    add_time,
                                    add_user_id,
                                    upd_time,
                                    upd_user_id)
        VALUES (#{id},
                #{mainId},
                #{memId},
                1,
                0,
                NOW(),
                #{addUserId},
                NOW(),
                #{updUserId})
    </insert>

    <!--删除点赞记录-->
    <delete id="delPraiseRecord">
        DELETE
        FROM tra_laud_record
        WHERE main_id = #{mainId}
          AND mem_id = #{memId}
    </delete>

    <!--添加行程游记-->
    <insert id="addTravelRecord">
        INSERT INTO tra_travels(id,
                                mem_id,
                                browse_range,
                                content,
                                type,
                                file_path,
                                range_id,
                                item_id,
                                location,
                                longitude,
                                latitude,
                                laud_amount,
                                talk_amount,
                                media_id,
                                del_flag,
                                add_user_id,
                                add_time,
                                upd_time)
        VALUES (#{id},
                #{memId},
                #{browseRange},
                #{content},
                #{type},
                #{filePath},
                #{rangeId},
                #{itemId},
                #{location},
                #{longitude},
                #{latitude},
                0,
                0,
                #{mediaId},
                0,
                #{addUserId},
                NOW(),
                NOW())
    </insert>

    <!--添加评论-->
    <insert id="addComment">
        INSERT INTO tra_comment(id,
                                main_id,
                                mem_id,
                                comment_id,
                                type,
                                content,
                                del_flag,
                                add_time,
                                add_user_id,
                                upd_time,
                                upd_user_id)
        VALUES (#{id},
                #{mainId},
                #{memId},
                #{commentId},
                1,
                #{content},
                0,
                NOW(),
                #{addUserId},
                NOW(),
                #{updUserId})
    </insert>

    <!--删除评论-->
    <update id="delComment">
        UPDATE tra_comment
        SET del_flag    = 1,
            upd_user_id = #{updUserId},
            upd_time    = NOW()
        WHERE id = #{id}
    </update>
</mapper>
