<?xml version="1.0" encoding="UTF-8"?>
<!DOCTYPE mapper PUBLIC "-//mybatis.org//DTD Mapper 3.0//EN" "http://mybatis.org/dtd/mybatis-3-mapper.dtd">
<mapper namespace="com.isimpo.tech.framework.applet.auto.mapper.my.CsrOrderMapper">
  <resultMap id="BaseResultMap" type="com.isimpo.tech.framework.applet.auto.entity.my.CsrOrder">
    <!--
      WARNING - @mbg.generated
    -->
    <id column="id" jdbcType="CHAR" property="id" />
    <result column="route_id" jdbcType="CHAR" property="routeId" />
    <result column="order_no" jdbcType="VARCHAR" property="orderNo" />
    <result column="amunt" jdbcType="INTEGER" property="amunt" />
    <result column="price" jdbcType="DECIMAL" property="price" />
    <result column="money" jdbcType="DECIMAL" property="money" />
    <result column="note" jdbcType="VARCHAR" property="note" />
    <result column="name" jdbcType="VARCHAR" property="name" />
    <result column="phone" jdbcType="VARCHAR" property="phone" />
    <result column="email" jdbcType="VARCHAR" property="email" />
    <result column="mem_id" jdbcType="CHAR" property="memId" />
    <result column="order_time" jdbcType="TIMESTAMP" property="orderTime" />
    <result column="pay_state" jdbcType="CHAR" property="payState" />
    <result column="state" jdbcType="CHAR" property="state" />
    <result column="del_flag" jdbcType="CHAR" property="delFlag" />
    <result column="add_time" jdbcType="TIMESTAMP" property="addTime" />
    <result column="add_user_id" jdbcType="VARCHAR" property="addUserId" />
    <result column="add_mark" jdbcType="VARCHAR" property="addMark" />
    <result column="upd_time" jdbcType="TIMESTAMP" property="updTime" />
    <result column="upd_user_id" jdbcType="VARCHAR" property="updUserId" />
    <result column="upd_mark" jdbcType="VARCHAR" property="updMark" />
  </resultMap>

  <select id="findList" resultType="com.isimpo.tech.framework.applet.auto.entity.my.CsrOrder">
    SELECT
        a.id,
        a.route_id AS routeId,
        a.order_no AS orderNo,
        a.amunt AS amunt,
        a.price AS price,
        a.money AS money,
        a.note AS note,
        a.name AS name,
        a.phone AS phone,
        a.email AS email,
        a.mem_id AS memId,
        a.order_time AS orderTime,
        a.pay_state AS payState,
        a.state AS state,
        cr.title AS title,
        cm.`name` AS memName,
        d.label AS orderState,
        cr.start_date AS startDate,
        cr.days AS days,
        cr.cover AS cover
    FROM
        csr_order a
      LEFT JOIN cont_route cr on cr.id = a.route_id and cr.del_flag='0'
      LEFT JOIN csr_member cm on cm.id = a.mem_id and cm.del_flag='0'
      LEFT JOIN sys_dict d on d.`value` = a.state and d.type='order_state' and d.del_flag='0'
      WHERE
        a.del_flag = '0'
        <if test="orderNo != null and orderNo != '' ">
          AND a.order_no LIKE CONCAT('%', #{orderNo}, '%')
        </if>
        <if test="memId != null and memId != '' ">
          AND a.mem_id = #{memId}
        </if>
        <if test="routeId != null and routeId != '' ">
          AND a.route_id = #{routeId}
        </if>
        <if test="name != null and name != '' ">
          AND a.name LIKE CONCAT('%', #{name}, '%')
        </if>
        <if test="phone != null and phone != '' ">
          AND a.phone LIKE CONCAT('%', #{phone}, '%')
        </if>
        <if test="payState != null and payState != '' ">
          AND a.pay_state =#{payState}
        </if>
        <if test="state != null and state != '' ">
          AND a.state =#{state}
        </if>
        <if test="keyWord != null and keyWord != '' ">
          AND (a.order_no like CONCAT('%', #{keyWord}, '%') or cr.title like CONCAT('%', #{keyWord}, '%'))
        </if>

    ORDER BY
        a.add_time DESC
  </select>

  <select id="selectById" resultType="com.isimpo.tech.framework.applet.auto.entity.my.CsrOrder">
      SELECT
          a.id,
          a.route_id AS routeId,
          a.order_no AS orderNo,
          a.amunt AS amunt,
          a.price AS price,
          a.money AS money,
          a.note AS note,
          a.name AS name,
          a.phone AS phone,
          a.email AS email,
          a.mem_id AS memId,
          a.order_time AS orderTime,
          a.pay_state AS payState,
          a.state AS state,
          cr.title AS title,
          cm.`name` AS memName,
          d.label AS orderState,
          cr.title AS title,
		  cr.start_date AS startDate,
		  cr.days AS days,
		  cr.cover AS cover
      FROM
        csr_order a
      LEFT JOIN cont_route cr on cr.id = a.route_id and cr.del_flag='0'
      LEFT JOIN csr_member cm on cm.id = a.mem_id and cm.del_flag='0'
      LEFT JOIN sys_dict d on d.`value` = a.state and d.type='order_state' and d.del_flag='0'
        WHERE
          a.del_flag = '0'
          and a.id = #{id}
        ORDER BY
        a.add_time DESC
  </select>

  <select id="getRouteById" resultType="com.isimpo.tech.framework.applet.auto.entity.homePage.Route">
       SELECT
            cr.id,
            cr.title,
            cr.stroke,
            cr.chara,
            cr.days,
            cr.cost,
            cr.state,
            cr.cover,
            cr.summary,
            cr.del_flag,
            cr.add_time,
            cr.add_user_id,
            cr.upd_time,
            cr.upd_user_id,
            cr.content,
            cr.file_path,
            cr.deposit AS deposit,
            cr.start_date AS startDate,
            cr.end_date AS endDate,
            cr.plan_amount AS planAmount,
            cr.real_amount AS realAmount,
            cr.notice
        FROM
	      `cont_route` cr
          WHERE cr.id = #{id}
  </select>

  <update id="updateRoute">
      UPDATE cont_route SET real_amount = real_amount + #{realAmount}, upd_time = NOW(), upd_user_id = #{updUserId} where id = #{id}
  </update>

    <select id="findAllList" resultType="com.isimpo.tech.framework.applet.auto.entity.my.CsrOrder">
        SELECT
            a.id,
            a.route_id AS routeId,
            a.order_no AS orderNo,
            a.amunt AS amunt,
            a.price AS price,
            a.money AS money,
            a.note AS note,
            a. NAME AS NAME,
            a.phone AS phone,
            a.email AS email,
            a.mem_id AS memId,
            a.order_time AS orderTime,
            a.pay_state AS payState,
            a.state AS state
        FROM
            csr_order a
        WHERE
            a.del_flag = '0'
            AND a.mem_id =#{userId}
    </select>

</mapper>