<?xml version="1.0" encoding="UTF-8"?>
<!DOCTYPE mapper PUBLIC "-//mybatis.org//DTD Mapper 3.0//EN" "http://mybatis.org/dtd/mybatis-3-mapper.dtd">
<mapper namespace="com.isimpo.tech.framework.admin.auto.mapper.content.strategy.StrategyMapper">
    <resultMap id="BaseResultMap" type="com.isimpo.tech.framework.admin.auto.entity.content.strategy.StrategyVo">
        <!--
          WARNING - @mbg.generated
        -->
        <id column="id" jdbcType="CHAR" property="id"/>
        <result column="title" jdbcType="VARCHAR" property="title"/>
        <result column="cover" jdbcType="VARCHAR" property="cover"/>
        <result column="state" jdbcType="CHAR" property="state"/>
        <result column="set_out" jdbcType="VARCHAR" property="setOut"/>
        <result column="days" jdbcType="INTEGER" property="days"/>
        <result column="cost" jdbcType="DECIMAL" property="cost"/>
        <result column="companion" jdbcType="VARCHAR" property="companion"/>
        <result column="summary" jdbcType="VARCHAR" property="summary"/>
        <result column="source" jdbcType="CHAR" property="source"/>
        <result column="author" jdbcType="CHAR" property="author"/>
        <result column="del_flag" jdbcType="CHAR" property="delFlag"/>
        <result column="add_time" jdbcType="TIMESTAMP" property="addTime"/>
        <result column="add_user_id" jdbcType="VARCHAR" property="addUserId"/>
        <result column="add_mark" jdbcType="VARCHAR" property="addMark"/>
        <result column="upd_time" jdbcType="TIMESTAMP" property="updTime"/>
        <result column="upd_user_id" jdbcType="VARCHAR" property="updUserId"/>
        <result column="upd_mark" jdbcType="VARCHAR" property="updMark"/>
        <result column="content" jdbcType="LONGVARCHAR" property="content"/>
    </resultMap>

    <select id="listStrategy" resultType="com.isimpo.tech.framework.admin.auto.entity.content.strategy.StrategyVo">
        SELECT
        cs.id,
        cs.title,
        cs.cover,
        cs.state,
        cs.set_out AS setOut,
        cs.days,
        cs.cost,
        cs.companion,
        cs.summary,
        cs.source,
        cs.author,
        cs.top_flag AS topFlag,
        cs.add_time AS addTime,
        cs.content,
        (
        case cs.source
        WHEN '1' THEN su.real_name
        WHEN '2' THEN cm.name
        END
        ) AS authorName
        FROM cont_strategy cs
        LEFT JOIN sys_user su ON su.id = cs.author AND su.del_flag = 0
        LEFT JOIN csr_member cm ON cm.id = cs.author AND cm.del_flag = 0
        WHERE
        cs.del_flag = 0
        <if test="title != null and title != ''">
            AND cs.title LIKE CONCAT('%',#{title},'%')
        </if>
        <if test="authorName != null and authorName != ''">
            AND ((cs.source = '1' AND su.real_name LIKE CONCAT('%',#{authorName},'%'))
            OR (cs.source = '2' AND cm.name LIKE CONCAT('%',#{authorName},'%')))
        </if>
        <if test="source != null and source != ''">
            AND cs.source = #{source}
        </if>
        <if test="state != null and state != ''">
            AND cs.state = #{state}
        </if>
        ORDER BY cs.add_time DESC
    </select>
</mapper>