<?xml version="1.0" encoding="UTF-8"?>
<!DOCTYPE mapper PUBLIC "-//mybatis.org//DTD Mapper 3.0//EN" "http://mybatis.org/dtd/mybatis-3-mapper.dtd">
<mapper namespace="com.isimpo.tech.framework.applet.auto.mapper.wechat.WxConfigMapper">
    <resultMap id="BaseResultMap" type="com.isimpo.tech.framework.applet.auto.entity.wechat.WxConfig">
        <!--
          WARNING - @mbg.generated
        -->
        <id column="id" jdbcType="CHAR" property="id"/>
        <result column="org_id" jdbcType="VARCHAR" property="orgId"/>
        <result column="token" jdbcType="VARCHAR" property="token"/>
        <result column="app_id" jdbcType="VARCHAR" property="appId"/>
        <result column="encoding_aes_key" jdbcType="VARCHAR" property="encodingAesKey"/>
        <result column="user_name" jdbcType="VARCHAR" property="userName"/>
        <result column="password" jdbcType="VARCHAR" property="password"/>
        <result column="access_token" jdbcType="VARCHAR" property="accessToken"/>
        <result column="status" jdbcType="CHAR" property="status"/>
        <result column="app_secret" jdbcType="VARCHAR" property="appSecret"/>
        <result column="del_flag" jdbcType="CHAR" property="delFlag"/>
        <result column="add_time" jdbcType="TIMESTAMP" property="addTime"/>
        <result column="add_user_id" jdbcType="VARCHAR" property="addUserId"/>
        <result column="add_mark" jdbcType="VARCHAR" property="addMark"/>
        <result column="upd_time" jdbcType="TIMESTAMP" property="updTime"/>
        <result column="upd_user_id" jdbcType="VARCHAR" property="updUserId"/>
        <result column="upd_mark" jdbcType="VARCHAR" property="updMark"/>
        <result column="mch_id" jdbcType="VARCHAR" property="mchId"/>
        <result column="welcome_news_id" jdbcType="VARCHAR" property="welcomeNewsId"/>
        <result column="api_key" jdbcType="VARCHAR" property="apiKey"/>
        <result column="welcome_active_id" jdbcType="VARCHAR" property="welcomeActiveId"/>
    </resultMap>
</mapper>