<?xml version="1.0" encoding="UTF-8"?>
<!DOCTYPE mapper PUBLIC "-//mybatis.org//DTD Mapper 3.0//EN" "http://mybatis.org/dtd/mybatis-3-mapper.dtd">
<mapper namespace="com.isimpo.tech.framework.admin.auto.mapper.content.wayMng.WayMngMapper">
    <resultMap id="BaseResultMap" type="com.isimpo.tech.framework.admin.auto.entity.content.wayMng.WayMng">
        <!--
          WARNING - @mbg.generated
        -->
        <id column="id" jdbcType="CHAR" property="id"/>
        <result column="title" jdbcType="VARCHAR" property="title"/>
        <result column="stroke" jdbcType="VARCHAR" property="stroke"/>
        <result column="chara" jdbcType="VARCHAR" property="chara"/>
        <result column="days" jdbcType="INTEGER" property="days"/>
        <result column="cost" jdbcType="DECIMAL" property="cost"/>
        <result column="state" jdbcType="CHAR" property="state"/>
        <result column="cover" jdbcType="VARCHAR" property="cover"/>
        <result column="summary" jdbcType="VARCHAR" property="summary"/>
        <result column="start_date" jdbcType="TIMESTAMP" property="startDate"/>
        <result column="end_date" jdbcType="TIMESTAMP" property="endDate"/>
        <result column="deposit" jdbcType="DECIMAL" property="deposit"/>
        <result column="plan_amount" jdbcType="INTEGER" property="planAmount"/>
        <result column="real_amount" jdbcType="INTEGER" property="realAmount"/>
        <result column="notice" jdbcType="VARCHAR" property="notice"/>
        <result column="recruit_state" jdbcType="VARCHAR" property="recruitState"/>
        <result column="del_flag" jdbcType="CHAR" property="delFlag"/>
        <result column="add_time" jdbcType="TIMESTAMP" property="addTime"/>
        <result column="add_user_id" jdbcType="VARCHAR" property="addUserId"/>
        <result column="add_mark" jdbcType="VARCHAR" property="addMark"/>
        <result column="upd_time" jdbcType="TIMESTAMP" property="updTime"/>
        <result column="upd_user_id" jdbcType="VARCHAR" property="updUserId"/>
        <result column="upd_mark" jdbcType="VARCHAR" property="updMark"/>
        <result column="content" jdbcType="LONGVARCHAR" property="content"/>
        <result column="file_path" jdbcType="LONGVARCHAR" property="filePath"/>

        <collection property="customize" javaType="list"
                    ofType="com.isimpo.tech.framework.admin.auto.entity.content.wayMng.RouteCust">
            <!-- 配置主键，是关联Order的唯一标识 -->
            <id property="id" column="cid"/>
            <result property="dicId" column="dicId"/>
            <result property="label" column="label"/>
            <result property="value" column="value"/>
            <result property="description" column="description"/>
        </collection>

    </resultMap>


    <select id="findList" resultMap="BaseResultMap"
            parameterType="com.isimpo.tech.framework.admin.auto.entity.content.wayMng.WayMng">
        SELECT cr.id,
        cr.title,
        cr.stroke,
        cr.chara,
        cr.days,cr.cost,
        cr.state,cr.cover,
        cr.summary,cr.del_flag,
        cr.add_time,cr.add_user_id,
        cr.upd_time,
        cr.upd_user_id,
        cr.content,
        cr.file_path,
        cr.deposit AS deposit,
        cr.start_date,
        cr.end_date,
        IFNULL(cr.plan_amount,0) AS plan_amount,
        IFNULL(cr.real_amount,0) AS real_amount,
        cr.notice AS notice,
        cr.recruit_state,
        crc.id cid,
        crc.dic_id dicId,
        GROUP_CONCAT(sd.label) AS label,
        sd.`value`,
        sd.type,
        sd.description
        FROM `cont_route` cr
        LEFT JOIN cont_route_cust crc ON crc.route_id=cr.id
        LEFT JOIN sys_dict sd ON sd.id=crc.dic_id
        WHERE cr.del_flag = '0'
        <if test="title != null and title!=''">
            AND cr.title LIKE concat(concat('%',#{title}),'%')
        </if>

        <if test="state != null and state!=''">
            AND cr.state = #{state}
        </if>

        <if test="recruitState != null and recruitState!=''">
            AND cr.recruit_state = #{recruitState}
        </if>

        <if test="startTime != null and startTime != ''">
            AND cr.end_date &gt;= CONCAT(#{startTime},' 00:00:00')
        </if>
        <if test="endTime != null and endTime != ''">
            AND cr.end_date &lt;= CONCAT(#{endTime},' 23:59:59')
        </if>
        GROUP BY cr.id
        ORDER BY cr.add_time desc
    </select>

    <select id="getAllTotal" resultType="java.lang.Integer"
            parameterType="com.isimpo.tech.framework.admin.auto.entity.content.wayMng.WayMng">
        SELECT COUNT(0)
        FROM `cont_route` cr
        WHERE cr.del_flag = '0'
        <if test="title != null and title!=''">
            AND cr.title LIKE concat(concat('%',#{title}),'%')
        </if>

        <if test="state != null and state!=''">
            AND cr.state LIKE concat(concat('%',#{state}),'%')
        </if>
    </select>


    <!--过滤掉已经是推荐。。。-->
    <select id="selectList" resultMap="BaseResultMap"
            parameterType="com.isimpo.tech.framework.admin.auto.entity.content.wayMng.WayMng">
        SELECT cr.id,
        cr.title,
        cr.stroke,
        cr.chara,
        cr.days,cr.cost,
        cr.state,cr.cover,
        cr.summary,cr.del_flag,
        cr.add_time,cr.add_user_id,
        cr.upd_time,
        cr.upd_user_id,
        cr.content,
        cr.file_path,
        crc.id cid,
        crc.dic_id dicId,
        sd.label,
        sd.`value`,
        sd.type,
        sd.description
        FROM `cont_route` cr
        LEFT JOIN cont_route_cust crc ON crc.route_id=cr.id
        LEFT JOIN sys_dict sd ON sd.id=crc.dic_id
        WHERE cr.del_flag = '0'
        AND cr.id IN (
        SELECT a.id
        FROM (SELECT id FROM cont_route
        WHERE del_flag='0'
        AND id NOT IN (SELECT ci.main_id FROM cont_index ci WHERE ci.type='2' AND ci.del_flag='0')
        <if test="title != null and title!=''">
            AND cr.title LIKE concat(concat('%',#{title}),'%')
        </if>
        <if test="state != null and state!=''">
            AND cr.state LIKE concat(concat('%',#{state}),'%')
        </if>
        ORDER BY add_time DESC LIMIT #{offset}, #{limit}) AS a
        )

        ORDER BY cr.add_time desc
    </select>


    <select id="getTotal" resultType="java.lang.Integer"
            parameterType="com.isimpo.tech.framework.admin.auto.entity.content.wayMng.WayMng">
        SELECT COUNT(0)
        FROM `cont_route` cr

        WHERE cr.del_flag = '0'
        AND cr.id
        NOT IN (SELECT ci.main_id
        FROM cont_index ci
        WHERE ci.type='2'
        AND ci.del_flag='0')

        <if test="title != null and title!=''">
            AND cr.title LIKE concat(concat('%',#{title}),'%')
        </if>
        <if test="state != null and state!=''">
            AND cr.state LIKE concat(concat('%',#{state}),'%')
        </if>
    </select>

    <delete id="removeDict">
        DELETE FROM cont_route_cust WHERE route_id = #{id}
    </delete>

    <insert id="insertRouteCust" parameterType="com.isimpo.tech.framework.admin.auto.entity.content.wayMng.RouteCust">
     INSERT INTO cont_route_cust (id,route_id,dic_id,del_flag,add_time,add_user_id,add_mark,upd_mark)
     VALUES
     (#{id},#{routeId},#{dicId},'0',NOW(),#{addUserId},'添加定制标签','添加定制标签')
  </insert>

  <update id="startWayMng">
      update cont_route set recruit_state = '1' where id = #{id}
  </update>

</mapper>
