<?xml version="1.0" encoding="UTF-8"?>
<!DOCTYPE mapper PUBLIC "-//mybatis.org//DTD Mapper 3.0//EN" "http://mybatis.org/dtd/mybatis-3-mapper.dtd">

<mapper namespace="com.isimpo.tech.framework.admin.auto.mapper.business.MemberMapper">

    <select id="findList" resultType="com.isimpo.tech.framework.admin.auto.entity.business.Member">
        SELECT distinct
        cm.id,
        cm. name,
        cm.gender,
        cm.birthday,
        cm.phone,
        cm.id_type AS idType,
        cm.talent_flag AS talentFlag,
        cm.id_num AS idNum,
        cm.source,
        cm.note,
        cm.type,
        cwu.nick_name AS nickName,
        cwu.add_time AS followDate,
        d.label AS idTypeName
        FROM csr_member cm
        LEFT JOIN csr_memb_wechar cmw ON cmw.mem_id = cm.id
        LEFT JOIN csr_wechar_user cwu ON cwu.id = cmw.wechar_id
        LEFT JOIN sys_dict d on d.value = cm.id_type and d.type='certificates_type'
        WHERE cm.type = '1' AND cm.del_flag = '0'
        <if test="name!=null and name!=''">
            AND cm.name LIKE concat(concat('%',#{name}),'%')
        </if>
        <if test="nickName!=null and nickName!=''">
            AND cwu.nick_name LIKE concat(concat('%',#{nickName}),'%')
        </if>
        <if test="phone!=null and phone!=''">
            AND cm.phone LIKE concat(concat('%',#{phone}),'%')
        </if>

        <if test="idNum!=null and idNum!=''">
            AND cm.id_num LIKE concat(concat('%',#{idNum}),'%')
        </if>

        <if test="id!=null and id!=''">
            AND cm.id =#{id}
        </if>
        AND cm.id NOT IN (
            SELECT
              mem_id
            FROM
              tra_member
            WHERE
              tra_id = #{traId} and del_flag='0'
        )
        ORDER BY cm.add_time DESC

    </select>

    <select id="findByParm" resultType="com.isimpo.tech.framework.admin.auto.entity.business.Member">
        SELECT
        cm.id,
        cm. name,
        cm.gender,
        cm.birthday,
        cm.phone,
        cm.id_type AS idType,
        cm.talent_flag AS talentFlag,
        cm.id_num AS idNum,
        cm.source,
        cm.note,
        cm.type
        FROM csr_member cm
        WHERE cm.del_flag = '0'
        <if test="idNum!=null and idNum!=''">
            AND cm.id_num = #{idNum}
        </if>

        <if test="phone!=null and phone!=''">
            AND cm.phone = #{phone}
        </if>

        <if test="id!=null and id!=''">
            AND cm.id != #{id}
        </if>
    </select>

    <!--管家查询，from csr_member-->
    <select id="findHkByParm" resultType="com.isimpo.tech.framework.admin.auto.entity.business.Member">
        SELECT
        cm.id,
        cm. name,
        cm.gender,
        cm.birthday,
        cm.phone,
        cm.id_type AS idType,
        cm.talent_flag AS talentFlag,
        cm.id_num AS idNum,
        cm.source,
        cm.note,
        cm.type
        FROM csr_member cm
        WHERE cm.del_flag = '0'
        <if test="idNum!=null and idNum!=''">
            AND cm.id_num = #{idNum}
        </if>

        <if test="phone!=null and phone!=''">
            AND cm.phone = #{phone}
        </if>

        <if test="id!=null and id!=''">
            AND cm.id != #{id}
        </if>
    </select>

    <!--查询领队列表-->
    <select id="findTourLeaderList" resultType="com.isimpo.tech.framework.admin.auto.entity.business.Member">
        SELECT
        cm.id,
        cm. name,
        cm.gender,
        cm.birthday,
        cm.phone,
        cm.id_type AS idType,
        cm.talent_flag AS talentFlag,
        cm.id_num AS idNum,
        cm.source,
        cm.note,
        cm.type,
        cwu.nick_name AS nickName,
        cwu.add_time AS followDate
        FROM csr_member cm
        LEFT JOIN csr_memb_wechar cmw ON cmw.mem_id = cm.id
        LEFT JOIN csr_wechar_user cwu ON cwu.id = cmw.wechar_id
        WHERE cm.type = '3' AND cm.del_flag = '0'
        <if test="name!=null and name!=''">
            AND cm.name LIKE concat(concat('%',#{name}),'%')
        </if>
        <if test="nickName!=null and nickName!=''">
            AND cwu.nick_name LIKE concat(concat('%',#{nickName}),'%')
        </if>
        <if test="phone!=null and phone!=''">
            AND cm.phone LIKE concat(concat('%',#{phone}),'%')
        </if>

        <if test="idNum!=null and idNum!=''">
            AND cm.id_num LIKE concat(concat('%',#{idNum}),'%')
        </if>

        <if test="id!=null and id!=''">
            AND cm.id =#{id}
        </if>

        ORDER BY cm.add_time DESC

    </select>

    <!--校对领队手机-->
    <select id="checkTourLeaderPhone" resultType="com.isimpo.tech.framework.admin.auto.entity.business.Member">
        SELECT
        cm.id,
        cm. name,
        cm.gender,
        cm.birthday,
        cm.phone,
        cm.id_type AS idType,
        cm.talent_flag AS talentFlag,
        cm.id_num AS idNum,
        cm.source,
        cm.note,
        cm.type
        FROM csr_member cm
        WHERE cm.del_flag = '0'
        <if test="idNum!=null and idNum!=''">
            AND cm.id_num = #{idNum}
        </if>

        <if test="phone!=null and phone!=''">
            AND cm.phone = #{phone}
        </if>

        <if test="id!=null and id!=''">
            AND cm.id != #{id}
        </if>
    </select>

    <update id="update">
        UPDATE csr_member
        SET name        = #{name},
            gender      = #{gender},
            birthday    = #{birthday},
            phone       = #{phone},
            id_type     = #{idType},
            talent_flag = #{talentFlag},
            id_num      = #{idNum},
            source=#{source},
            note=#{note},
            upd_user_id = #{updUserId},
            upd_time    = #{updTime}
        WHERE id = #{id}
    </update>

    <!--导入-->
    <insert id="insertList">
        INSERT INTO csr_member(
        id,
        name,
        birthday,
        phone,
        gender,
        id_type,
                            talent_flag,
        id_num,
        add_user_id,
        add_time,
        type,
        del_flag,
        note
        )
        VALUES
        <foreach collection="list" item="item" separator=",">
            (#{item.id},
            #{item.name},
            #{item.birthday},
            #{item.phone},
            #{item.gender},
            #{item.idType},
             #{item.talentFlag},
            #{item.idNum},
            #{item.addUserId},
            #{item.addTime},
            '1',
            '0',
            #{item.note}
            )
        </foreach>
    </insert>

    <select id="getMemberById" resultType="com.isimpo.tech.framework.admin.auto.entity.business.Member">
        SELECT a.id,
               a.name     AS name,
               a.gender   AS gender,
               a.birthday AS birthday,
               a.phone    AS phone,
               a.id_type  AS idType,
               a.talent_flag AS talentFlag,
               a.id_num   AS idNum,
               a.source   AS source,
               a.note     AS note,
               a.type     AS type
        FROM csr_member a
        WHERE id = #{id}
    </select>

    <select id="getMemberListByTraId" resultType="com.isimpo.tech.framework.admin.auto.entity.business.Member">
      SELECT
          tbs.id,
          tbs.mem_id,
          (
          CASE
          WHEN IFNULL(cwu.nick_name, '') = '' THEN
          cmb. NAME
          ELSE
          cwu.nick_name
          END
          ) AS name,
          cwu.photo,
          tbs.role, -- 1:管家，2：领队，3：团长，4：普通会员
          cwu.open_id AS openId
      FROM
      (
          SELECT
              id,
              housekeeper_id AS mem_id,
              '1' AS role
          FROM
            tra_base
          WHERE
            del_flag = '0'
            AND id = #{traId}
          UNION ALL
          SELECT
              id,
              guide_id,
              '2' AS role
          FROM
            tra_base
          WHERE
            del_flag = '0'
              AND id = #{traId}
              AND IFNULL(guide_id, '') != ''
          UNION ALL
          SELECT
              a.id,
              tmb.mem_id,
              (
              CASE
              WHEN tmb.leader_flag = '1' THEN
              '3'
              ELSE
              '4'
              END
              ) AS role
          FROM
            tra_base AS a
        inner JOIN tra_member AS tmb ON a.id = tmb.tra_id
          WHERE
              a.del_flag = '0'
              AND tmb.del_flag = '0'
              AND a.id = #{traId}
      ) AS tbs
          LEFT JOIN csr_memb_wechar AS cmw ON tbs.mem_id = cmw.mem_id
          LEFT JOIN csr_wechar_user AS cwu ON cmw.wechar_id = cwu.id
          LEFT JOIN csr_member AS cmb ON tbs.mem_id = cmb.id
      ORDER BY
        tbs.role ASC
  </select>

    <insert id="insertTraList">
        INSERT INTO tra_member (
        id,
        tra_id,
        mem_id,
        leader_flag,
        del_flag,
        add_time,
        add_user_id,
        add_mark,
        upd_time,
        upd_user_id,
        upd_mark
        )
        VALUES
        <foreach collection="list" item="item" separator=",">
            (
            #{item.id},
            #{item.traId},
            #{item.memId},
            #{item.leaderFlag},
            '0',
            #{item.addTime},
            #{item.addUserId},
            #{item.addMark},
            #{item.updTime},
            #{item.updUserId},
            #{item.updMark}
            )
        </foreach>
    </insert>

    <update id="delMember">
        update csr_member set del_flag = '1',upd_time =#{updTime},upd_user_id =#{updUserId} where id = #{id}
    </update>

    <delete id="delMemberWechar">
        delete from csr_memb_wechar where mem_id = #{memberId}
    </delete>

</mapper>
