<?xml version="1.0" encoding="UTF-8"?>
<!DOCTYPE mapper PUBLIC "-//mybatis.org//DTD Mapper 3.0//EN" "http://mybatis.org/dtd/mybatis-3-mapper.dtd">
<mapper namespace="com.isimpo.tech.framework.admin.auto.mapper.business.MyCustMapper">
    <resultMap id="BaseResultMap" type="com.isimpo.tech.framework.admin.auto.entity.SysCust">

    </resultMap>

    <!--先判断是否是管家，如果是，当前登录人的会员id=housekeeperId，说明是我的客户-->
    <select id="findList" resultType="com.isimpo.tech.framework.admin.auto.entity.SysCust"
    parameterType="com.isimpo.tech.framework.admin.auto.entity.SysCust">

        SELECT cc.id,cc.`name`,cc.contact,cc.phone,cc.email,cc.address,cc.source,cc.note,
        cc.housekeeper_id housekeeperId,cm.`name` hkName,
        su.real_name updName,cc.upd_time updTime
        from csr_customer cc
        LEFT JOIN csr_housekeeper ch ON ch.mem_id=cc.housekeeper_id
        LEFT JOIN csr_member cm on cm.id=ch.mem_id
        LEFT JOIN sys_user su on su.id=cc.upd_user_id

        WHERE cc.del_flag='0'
        AND ch.user_id=#{myId}
        <if test="name!=null and name!=''">
            AND cc.name  LIKE concat(concat('%',#{name}),'%')
        </if>
        <if test="contact!=null and contact!=''">
            AND cc.contact LIKE concat(concat('%',#{contact}),'%')
        </if>
        <if test="phone!=null and phone!=''">
            AND cc.phone LIKE concat(concat('%',#{phone}),'%')
        </if>

        ORDER BY cc.upd_time DESC

    </select>




     <!--通过id查询是否是管家，type,0会员，1管家-->
    <select id="checkMyId"  parameterType="java.lang.String" resultType="java.lang.String" >
        SELECT distinct ch.mem_id from csr_housekeeper ch
        LEFT JOIN csr_member cm ON cm.id =ch.mem_id
        WHERE type='2'
        AND user_id=#{id}
    </select>

</mapper>
