<?xml version="1.0" encoding="UTF-8"?>
<!DOCTYPE mapper PUBLIC "-//mybatis.org//DTD Mapper 3.0//EN" "http://mybatis.org/dtd/mybatis-3-mapper.dtd">
<mapper namespace="com.isimpo.tech.framework.admin.auto.mapper.business.ReserveMapper">
    <resultMap id="BaseResultMap" type="com.isimpo.tech.framework.admin.auto.entity.business.Reserve">
        <!--
          WARNING - @mbg.generated
        -->
        <id column="id" jdbcType="CHAR" property="id"/>
        <result column="phone" jdbcType="VARCHAR" property="phone"/>
        <result column="note" jdbcType="VARCHAR" property="note"/>
        <result column="del_flag" jdbcType="CHAR" property="delFlag"/>
        <result column="add_time" jdbcType="TIMESTAMP" property="addTime"/>
        <result column="add_user_id" jdbcType="VARCHAR" property="addUserId"/>
        <result column="upd_time" jdbcType="TIMESTAMP" property="updTime"/>
        <result column="upd_user_id" jdbcType="VARCHAR" property="updUserId"/>
    </resultMap>

    <!--查询預約报名列表，注：csr_reserve的housekeeper_id，对应的是csr_housekeeper的mem_id-->
    <select id="findList" resultType="com.isimpo.tech.framework.admin.auto.entity.business.Reserve">
        SELECT cr.id,cr.title,cr.phone,cr.place,cr.state,cm.name hkName ,cr.note,
        cr.add_time addTime,cr.housekeeper_id housekeeperId,cr.upd_time updTime,cr.ysnc_state ysncState
        FROM csr_reserve cr
        LEFT JOIN csr_member cm ON cr.housekeeper_id=cm.id
        WHERE cr.del_flag='0'
        <if test="id!=null and id!=''">
            AND cr.id =#{id}
        </if>
        <if test="title!=null and title!=''">
            AND cr.title LIKE concat(concat('%',#{title}),'%')
        </if>
        <if test="phone!=null and phone!=''">
            AND cr.phone LIKE concat(concat('%',#{phone}),'%')
        </if>
        <if test="place!=null and place!=''">
            AND cr.place LIKE concat(concat('%',#{place}),'%')
        </if>

        <if test="state!=null and state!=''">
            AND cr.state LIKE concat(concat('%',#{state}),'%')
        </if>

        ORDER BY cr.add_time DESC

    </select>



    <!--处理预定报名-->
    <update id="handle" parameterType="com.isimpo.tech.framework.admin.auto.entity.business.Reserve">
         UPDATE csr_reserve
         SET housekeeper_id=#{housekeeperId},note=#{note},upd_time=NOW(),upd_user_id=#{updUserId},state='1'
         where del_flag='0'
         and id=#{id}
    </update>
</mapper>
